track_key,song,artist,entry_date,exit_date,total_days,peak_position,album_type,total_tracks,is_explicit,duration_ms,avg_popularity,max_popularity,peak_date,days_to_peak,is_still_active
la bachata || manuel turizo,La Bachata,Manuel Turizo,2024-05-18,2025-11-19,538,11,album,15,False,162637,85.635687732342,88,2025-01-01,228,False
columbia || quevedo,Columbia,Quevedo,2024-07-08,2025-11-02,463,1,single,1,False,186000,89.28509719222463,97,2024-07-09,1,False
vagabundo || sebastian yatra & manuel turizo & beéle,VAGABUNDO,Sebastian Yatra & Manuel Turizo & Beéle,2024-05-18,2025-10-16,385,3,single,1,False,215600,85.26233766233766,91,2024-06-04,17,False
la falda || myke towers,LA FALDA,Myke Towers,2024-11-25,2025-11-23,359,1,album,23,True,174229,87.05292479108635,94,2025-02-18,85,False
luna || feid,LUNA,Feid,2024-12-02,2025-11-27,357,2,album,10,False,196800,90.92717086834733,97,2025-01-11,40,True
qlona || karol g,QLONA,KAROL G,2024-08-19,2025-10-19,342,8,album,9,True,172797,89.99707602339181,94,2024-09-14,26,False
manos rotas || dellafuente & morad,Manos Rotas,DELLAFUENTE & Morad,2024-11-18,2025-11-23,329,1,single,1,False,168594,77.68085106382979,85,2024-11-29,11,False
el merengue || marshmello,El Merengue,Marshmello,2024-11-04,2025-11-18,317,19,album,8,False,189668,77.79179810725552,81,2024-11-05,1,False
polaris - remix || saiko & feid & quevedo,POLARIS - Remix,Saiko & Feid & Quevedo,2024-06-11,2025-04-20,312,1,single,1,True,288000,84.77564102564102,90,2024-06-11,0,False
lala || myke towers,LALA,Myke Towers,2024-06-29,2025-09-24,310,1,album,23,True,197920,93.45161290322581,99,2024-07-05,6,False
baby hello || rauw alejandro,BABY HELLO,Rauw Alejandro,2024-07-09,2025-04-19,282,3,album,14,True,222461,77.19503546099291,79,2024-07-09,0,False
modelito || mora,MODELITO,Mora,2024-09-09,2025-06-17,279,4,album,14,True,190496,81.6989247311828,85,2024-11-12,64,False
el cielo || sky rompiendo & feid & myke towers,El Cielo,Sky Rompiendo & Feid & Myke Towers,2024-06-04,2025-03-09,271,2,single,1,True,191320,87.97416974169742,94,2024-06-10,6,False
los del espacio || lit killah,Los del Espacio,LIT killah,2024-06-04,2025-02-16,257,2,single,1,False,338000,88.86381322957199,95,2024-06-09,5,False
lo que tiene || morad & beny jr & rvfv,Lo Que Tiene,Morad & Beny Jr & Rvfv,2025-03-10,2025-11-23,254,5,single,1,False,259200,77.51968503937007,82,2025-03-13,3,False
cosas que no te dije || saiko,COSAS QUE NO TE DIJE,Saiko,2024-08-16,2025-04-27,253,7,single,1,False,224725,81.09486166007905,84,2024-12-12,118,False
1000cosas || lola indigo & manuel turizo,1000COSAS,Lola Indigo & Manuel Turizo,2025-03-10,2025-11-13,245,3,single,1,False,239482,76.17142857142858,81,2025-03-10,0,False
arena y sal || omar montes & saiko & tunvao,Arena y Sal,Omar Montes & Saiko & Tunvao,2024-05-21,2025-01-20,242,3,single,1,False,174415,80.00413223140495,86,2024-08-06,77,False
la capi || myke towers,LA CAPI,Myke Towers,2024-12-14,2025-09-25,233,13,album,23,True,202360,76.15021459227468,81,2025-01-22,39,False
reina || mora,REINA,Mora,2024-08-30,2025-04-17,229,1,album,15,True,211879,84.58951965065502,89,2024-08-30,0,False
x'clusivo - remix || gonzy & saiko & arcángel,X'CLUSIVO - REMIX,Gonzy & SAIKO & Arcángel,2025-03-03,2025-10-12,220,1,single,1,True,208133,78.76363636363637,84,2025-03-03,0,False
holanda || jhayco,Holanda,Jhayco,2024-08-04,2025-03-12,219,3,single,1,True,231693,88.45205479452055,93,2024-08-16,12,False
badgyal || saiko,BADGYAL,SAIKO,2025-04-28,2025-11-23,208,1,album,16,True,253962,79.79807692307692,85,2025-05-01,3,False
supernova || saiko,Supernova,Saiko,2024-05-18,2025-05-03,207,1,single,1,False,190909,80.3719806763285,85,2024-05-18,0,False
el tonto || lola indigo,EL TONTO,Lola Indigo,2024-05-18,2025-01-10,205,2,album,11,False,187986,79.95121951219512,84,2024-05-18,0,False
la_original.mp3 || emilia,La_Original.mp3,Emilia,2024-11-04,2025-06-03,202,10,album,13,False,140625,81.17821782178218,85,2025-03-08,124,False
friki || gonzy,FRIKI,Gonzy,2025-05-10,2025-11-26,198,8,single,1,True,189066,71.31818181818181,77,2025-06-26,47,False
quien es dei v? || dei v,Quien Es Dei V?,Dei V,2024-09-24,2025-04-09,196,10,single,1,True,162244,80.00510204081633,82,2024-10-04,10,False
perro negro || bad bunny,PERRO NEGRO,Bad Bunny,2024-10-14,2025-05-31,195,2,album,22,True,162767,94.15384615384616,97,2024-10-17,3,False
oa || anuel aa & quevedo & maluma,OA,Anuel AA & Quevedo & Maluma,2024-10-16,2025-04-27,192,3,single,1,True,235200,85.09375,88,2024-11-11,26,False
santa || rvssian,Santa,Rvssian,2025-05-22,2025-11-27,188,2,single,2,False,193038,81.65957446808511,84,2025-05-22,0,True
narcotics (with bryant myers) || dei v & bryant myers,Narcotics (with Bryant Myers),Dei V & Bryant Myers,2024-10-04,2025-06-11,188,15,single,1,True,173991,82.70212765957447,85,2024-12-28,85,False
diluvio || rauw alejandro,DILUVIO,Rauw Alejandro,2024-10-21,2025-10-14,188,3,album,14,True,197052,88.24468085106383,91,2024-11-16,26,False
si no estás || iñigo quintero,Si No Estás,iñigo quintero,2024-09-20,2025-04-03,187,1,single,1,False,184061,93.47058823529412,99,2024-09-29,9,False
classy 101 || feid & young miko,Classy 101,Feid & Young Miko,2024-05-18,2024-12-01,183,7,single,1,True,195986,94.68852459016394,97,2024-05-18,0,False
madrid city || ana mena,Madrid City,Ana Mena,2024-09-30,2025-04-15,181,13,single,1,False,172727,76.5303867403315,79,2025-01-03,95,False
el conjuntito || el bobe & omar montes,El Conjuntito,El Bobe & Omar Montes,2025-03-24,2025-09-23,180,1,single,1,False,158711,75.63888888888889,81,2025-04-09,16,False
mi luz (ft. rels b) || rvfv,Mi Luz (ft. Rels B),Rvfv,2024-10-23,2025-10-18,172,32,album,15,False,168000,77.26162790697674,81,2025-10-11,353,False
buenas || quevedo & saiko,Buenas,Quevedo & Saiko,2024-09-24,2025-03-12,170,1,single,1,False,192954,82.60588235294118,87,2024-09-24,0,False
el merengue || marshmello & manuel turizo,El Merengue,Marshmello & Manuel Turizo,2024-05-18,2024-11-03,170,5,single,1,False,189668,90.71764705882353,92,2024-05-18,0,False
casanova || soolking & lola indigo & rvfv,Casanova,Soolking & Lola Indigo & Rvfv,2024-12-10,2025-05-29,168,1,single,1,False,243806,79.23809523809524,84,2025-01-01,22,False
punto g || quevedo,PUNTO G,Quevedo,2024-05-18,2025-01-13,162,23,album,16,False,151324,85.33333333333333,87,2024-05-30,12,False
rapido (with cris mj) || dei v,Rapido (with Cris Mj),Dei V,2025-06-16,2025-11-27,162,5,album,16,True,146000,78.14197530864197,81,2025-08-22,67,True
la reina || lola indigo,LA REINA,Lola Indigo,2025-06-16,2025-11-26,162,4,single,1,False,150000,75.53086419753086,80,2025-06-20,4,False
gata only || floyymenor & cris mj,Gata Only,FloyyMenor & Cris Mj,2025-02-24,2025-08-09,162,2,single,1,True,222000,95.24074074074075,98,2025-04-06,41,False
tu$$i (with dei v) || yovngchimi,TU$$I (with Dei V),YOVNGCHIMI,2025-03-01,2025-08-16,160,11,album,16,True,163200,76.69375,79,2025-03-19,18,False
fardos || jc reyes & de la ghetto,FARDOS,JC Reyes & De La Ghetto,2025-02-18,2025-07-30,160,1,single,1,False,183335,76.96875,82,2025-02-22,4,False
playa del inglés || quevedo,PLAYA DEL INGLÉS,Quevedo,2024-05-18,2024-12-12,159,15,album,16,False,237525,82.72955974842768,85,2024-05-18,0,False
si antes te hubiera conocido || karol g,Si Antes Te Hubiera Conocido,KAROL G,2025-06-22,2025-11-27,157,1,single,1,False,195824,92.7452229299363,96,2025-07-02,10,True
diabólica || cris mj,Diabólica,Cris Mj,2025-03-13,2025-08-19,156,14,album,17,True,192000,76.90384615384616,80,2025-03-23,10,False
nochentera || vicco,Nochentera,Vicco,2024-05-18,2025-01-09,156,9,single,1,False,202184,80.55128205128206,83,2024-05-27,9,False
real gangsta love || trueno,REAL GANGSTA LOVE,Trueno,2025-06-06,2025-11-16,154,1,album,13,True,145342,87.66233766233766,92,2025-06-12,6,False
una foto remix (feat. emilia) || mesita & nicki nicole & tiago pzk,Una Foto Remix (feat. Emilia),Mesita & Nicki Nicole & Tiago PZK,2025-01-11,2025-06-15,154,6,single,1,False,243898,87.25324675324676,92,2025-02-01,21,False
where she goes || bad bunny,WHERE SHE GOES,Bad Bunny,2024-05-21,2024-10-28,154,1,single,1,True,231704,94.51298701298701,100,2024-05-21,0,False
clavaito || chanel & abraham mateo,Clavaito,Chanel & Abraham Mateo,2024-05-18,2025-01-04,153,6,single,1,False,162740,81.85620915032679,85,2024-06-02,15,False
amargura || karol g,AMARGURA,KAROL G,2024-05-26,2025-10-31,153,16,album,17,True,170480,87.41176470588235,92,2025-07-26,426,False
el patio || pepe y vizio & delaossa & kiddo,El Patio,Pepe y Vizio & Delaossa & KIDDO,2025-02-22,2025-08-27,152,8,single,1,False,232645,73.92105263157895,78,2025-03-07,13,False
donde se aprende a querer? || mora,DONDE SE APRENDE A QUERER?,Mora,2024-08-30,2025-02-17,152,3,album,15,False,144427,84.53289473684211,88,2024-08-30,0,False
martini || dei v,Martini,Dei V,2025-05-02,2025-11-23,150,7,single,1,True,164365,70.24666666666667,76,2025-06-17,46,False
a 300 || jc reyes & pedro calderon,A 300,JC Reyes & Pedro Calderon,2024-08-06,2025-01-05,148,15,single,1,False,169208,76.50675675675676,78,2025-01-05,152,False
rara vez || taiu & milo j,Rara Vez,Taiu & Milo j,2024-05-18,2024-12-13,147,15,single,1,False,128677,89.77551020408163,92,2024-05-20,2,False
goteras || omar montes & jc reyes,Goteras,Omar Montes & JC Reyes,2025-06-30,2025-11-23,145,1,single,1,False,216450,76.66896551724138,81,2025-07-08,8,False
wanda || quevedo,WANDA,Quevedo,2024-05-18,2024-12-07,145,18,album,16,False,160909,85.53793103448275,88,2024-05-18,0,False
ohnana || kapo,Ohnana,Kapo,2025-07-04,2025-11-27,145,2,single,1,False,156577,85.48275862068965,89,2025-08-01,28,True
el mambo || kiko rivera,El Mambo,Kiko Rivera,2024-10-04,2025-03-01,145,2,single,1,False,129845,78.1655172413793,83,2024-10-13,9,False
beso || rosalía & rauw alejandro,BESO,ROSALÍA & Rauw Alejandro,2024-05-18,2024-10-06,142,4,single,3,False,194543,93.90140845070422,96,2024-05-18,0,False
no pienso llamar || soge culebra,NO PIENSO LLAMAR,Soge Culebra,2024-10-14,2025-03-02,140,7,album,13,False,198352,68.07142857142857,73,2024-12-23,70,False
wya remix red || j abdiel & de la rose & yan block,WYA REMIX RED,J Abdiel & De La Rose & Yan Block,2025-06-19,2025-11-16,140,22,single,1,True,321741,81.92857142857143,84,2025-07-12,23,False
trending remix (with myke towers) || dei v,Trending Remix (with Myke Towers),Dei V,2025-03-03,2025-07-20,137,10,single,1,True,225154,73.46715328467154,80,2025-03-10,7,False
crush || sky rompiendo & dei v,CRUSH,Sky Rompiendo & Dei V,2025-04-07,2025-08-23,137,15,single,1,False,233333,75.75912408759125,78,2025-04-27,20,False
antidepresivos || saiko,Antidepresivos,Saiko,2024-08-06,2024-12-19,136,13,single,1,False,145384,77.04411764705883,79,2024-08-06,0,False
no_se_ve.mp3 || emilia & ludmilla & zecca,No_se_ve.mp3,Emilia & LUDMILLA & ZECCA,2024-06-08,2024-11-03,134,13,single,1,True,203636,86.90298507462687,89,2024-08-25,78,False
"quevedo: bzrp music sessions, vol. 52 || bizarrap & quevedo","Quevedo: Bzrp Music Sessions, Vol. 52",Bizarrap & Quevedo,2024-05-18,2025-01-03,133,27,single,1,False,198937,92.06766917293233,94,2024-05-29,11,False
todo contigo || álvaro de luna,Todo Contigo,Álvaro De Luna,2024-05-18,2024-09-23,129,12,single,1,False,165527,78.9922480620155,80,2024-05-18,0,False
coco chanel || eladio carrion,Coco Chanel,Eladio Carrion,2024-05-18,2024-09-29,127,16,album,18,True,208125,91.19685039370079,93,2024-05-24,6,False
yandel 150 || yandel,Yandel 150,Yandel,2024-05-18,2024-09-23,125,10,album,17,True,216148,88.52,90,2024-05-18,0,False
luces de tecno || feid,LUCES DE TECNO,Feid,2024-09-30,2025-02-03,124,7,album,15,False,163786,78.66935483870968,82,2024-09-30,0,False
comuna 3 || jc reyes & the rudeboyz,COMUNA 3,JC Reyes & The Rudeboyz,2025-05-18,2025-09-17,120,12,single,1,False,154128,71.93333333333334,75,2025-06-05,18,False
tqg || karol g,TQG,KAROL G,2024-05-18,2025-08-08,120,9,album,17,True,197933,93.06666666666666,96,2024-05-18,0,False
seda || bad bunny,SEDA,Bad Bunny,2024-10-14,2025-02-13,119,6,album,22,True,190476,85.32773109243698,90,2024-10-14,0,False
luna llena || beny jr,Luna llena,Beny Jr,2025-07-31,2025-11-27,119,4,album,13,False,169846,75.82352941176471,77,2025-10-14,75,True
peligrosa || floyymenor,PELIGROSA,FloyyMenor,2025-07-31,2025-11-27,119,3,single,1,True,134930,79.0,84,2025-09-08,39,True
mami chula || jhayco & quevedo,Mami Chula,Jhayco & Quevedo,2024-05-18,2024-09-18,118,6,single,1,False,220600,84.05932203389831,86,2024-05-18,0,False
lady madrizzz || céro,lady madrizZz,céro,2024-11-03,2025-03-02,118,8,single,1,False,131020,73.83898305084746,79,2024-11-16,13,False
adivino || myke towers & bad bunny,ADIVINO,Myke Towers & Bad Bunny,2025-04-28,2025-08-23,116,1,single,1,True,278644,87.77586206896552,90,2025-04-28,0,False
bby boo - remix || izaak & jhayco & anuel aa,BBY BOO - REMIX,iZaak & Jhayco & Anuel AA,2025-03-30,2025-07-23,115,5,single,3,True,275862,82.62608695652175,86,2025-04-18,19,False
cuando te vi | crossover #5 || big one & maria becerra & trueno,Cuando Te Vi | CROSSOVER #5,Big One & Maria Becerra & Trueno,2025-07-05,2025-10-28,114,11,single,5,True,218400,78.3157894736842,83,2025-08-14,40,False
potra salvaje - hard remix || isabel aaiún & fernando moreno,Potra Salvaje - Hard Remix,Isabel Aaiún & Fernando Moreno,2025-05-29,2025-09-24,114,3,single,1,False,342000,74.50877192982456,80,2025-06-18,20,False
yotuloko || omar montes & rels b,YOTULOKO,Omar Montes & Rels B,2025-07-14,2025-11-05,114,22,single,1,False,213699,73.82456140350877,76,2025-07-27,13,False
eskeleto || saiko,ESKELETO,SAIKO,2025-04-28,2025-10-23,113,11,album,16,True,279893,71.96460176991151,75,2025-05-02,4,False
desataaa || ovy on the drums & myke towers & saiko,DESATAAA,Ovy On The Drums & Myke Towers & SAIKO,2025-03-17,2025-07-09,113,6,single,1,True,197383,74.53097345132744,78,2025-03-21,4,False
coco loco || maluma,COCO LOCO,Maluma,2024-07-01,2024-11-26,113,9,single,1,False,166734,78.1858407079646,88,2024-08-06,36,False
no estuviste en lo malo - remix || morad & beny jr & dellafuente,No Estuviste En Lo Malo - REMIX,Morad & Beny Jr & DELLAFUENTE,2024-10-07,2025-01-31,112,12,single,1,False,268320,76.10714285714286,78,2024-10-07,0,False
"rauw alejandro: bzrp music sessions, vol. 56 || bizarrap & rauw alejandro","Rauw Alejandro: Bzrp Music Sessions, Vol. 56",Bizarrap & Rauw Alejandro,2024-06-24,2024-10-13,111,1,single,1,True,191254,87.98198198198199,93,2024-06-24,0,False
no te quieren conmigo || gaby music & lunay & luar la l,No Te Quieren Conmigo,Gaby Music & Lunay & Luar La L,2024-12-20,2025-04-10,110,4,single,1,False,252040,84.74545454545455,89,2025-01-10,21,False
seya || gims,SEYA,GIMS,2024-10-21,2025-02-27,109,21,album,21,False,188484,67.90825688073394,75,2024-12-20,60,False
yo lo soñé || saiko,YO LO SOÑÉ,SAIKO,2025-04-28,2025-08-16,109,1,album,16,False,175456,69.22018348623853,73,2025-04-30,2,False
la ranger (feat. myke towers) || the academy: segunda misión & justin quiles & lenny tavárez,LA RANGER (feat. Myke Towers),The Academy: Segunda Misión & Justin Quiles & Lenny Tavárez,2025-03-31,2025-07-16,107,3,album,9,True,229738,79.61682242990655,83,2025-04-11,11,False
a 300 || jc reyes & pedro calderon & blacknife,A 300,JC Reyes & Pedro Calderon & Blacknife,2025-01-06,2025-04-24,107,11,single,1,False,169208,77.46728971962617,79,2025-01-14,8,False
tu silueta || diegote,Tu Silueta,Diegote,2025-07-14,2025-10-28,106,5,single,1,False,170480,76.10377358490567,79,2025-07-31,17,False
lollipop || darell,Lollipop,Darell,2024-10-02,2025-01-17,105,1,album,18,True,199946,88.93333333333334,95,2024-10-21,19,False
vacile || yan block,Vacile,Yan Block,2025-08-15,2025-11-27,105,16,single,1,True,140239,77.45714285714286,79,2025-10-17,63,True
cupido || tini,Cupido,TINI,2024-05-18,2024-09-12,105,17,album,14,False,174369,83.48571428571428,84,2024-05-19,1,False
la bebe - remix || yng lvcas & peso pluma,La Bebe - Remix,Yng Lvcas & Peso Pluma,2024-05-18,2024-08-29,104,10,single,2,True,234352,98.36538461538461,100,2024-06-01,14,False
si la calle llama - remix || eladio carrion,Si La Calle Llama - Remix,Eladio Carrion,2024-05-18,2024-08-29,104,20,album,18,True,240000,85.63461538461539,87,2024-05-19,1,False
mercho || lil cake & migrantes,MERCHO,LiL CaKe & Migrantes,2024-05-18,2024-08-29,104,21,single,1,False,161451,88.66346153846153,90,2024-05-29,11,False
corazón roto pt. 3 || brray & anuel aa & chencho corleone,Corazón Roto pt. 3,Brray & Anuel AA & Chencho Corleone,2024-09-13,2025-02-04,104,21,single,1,True,348400,83.625,86,2024-09-27,14,False
hay lupita || lomiiel,HAY LUPITA,Lomiiel,2025-07-12,2025-10-29,103,2,single,1,False,105836,83.11650485436893,85,2025-08-04,23,False
el pantalon - rumbas || omar montes,EL PANTALON - RUMBAS,Omar Montes,2025-06-02,2025-09-12,101,2,album,11,False,193066,67.9009900990099,72,2025-06-16,14,False
corazón vacío || maria becerra,CORAZÓN VACÍO,Maria Becerra,2024-07-05,2024-10-13,101,19,single,1,False,160535,88.58415841584159,90,2024-07-19,14,False
"young miko: bzrp music sessions, vol. 58 || bizarrap & young miko","Young Miko: Bzrp Music Sessions, Vol. 58",Bizarrap & Young Miko,2025-01-13,2025-04-26,101,1,single,1,False,187172,90.58415841584159,95,2025-01-13,0,False
uwaie || kapo,UWAIE,Kapo,2025-08-20,2025-11-27,100,2,single,1,False,172427,86.4,89,2025-08-29,9,True
m.a.i || milo j,M.A.I,Milo j,2025-01-17,2025-04-30,100,4,album,9,False,184027,84.83,89,2025-01-31,14,False
el fin del mundo || la la love you,El Fin del Mundo,La La Love You,2025-06-03,2025-11-23,98,37,album,18,False,188093,68.01020408163265,70,2025-08-25,83,False
hey mor || ozuna,Hey Mor,Ozuna,2024-05-18,2024-09-12,97,30,album,18,False,196600,90.79381443298969,92,2024-05-18,0,False
si no es contigo || cris mj,SI NO ES CONTIGO,Cris Mj,2025-06-18,2025-09-20,92,31,single,1,True,156000,88.23913043478261,90,2025-08-09,52,False
beautiful things || benson boone,Beautiful Things,Benson Boone,2025-03-13,2025-06-23,91,17,single,1,False,180304,90.17582417582418,100,2025-04-04,22,False
guay || ozuna & bad gyal,Guay,Ozuna & Bad Gyal,2025-04-21,2025-07-20,90,7,single,1,False,210788,76.03333333333333,79,2025-04-27,6,False
eva longoria || ozuna,Eva Longoria,Ozuna,2024-08-12,2024-11-24,90,8,album,7,False,199850,78.96666666666667,81,2024-08-29,17,False
también || myke towers,TAMBIÉN,Myke Towers,2025-08-24,2025-11-27,88,5,album,20,True,139546,76.64772727272727,80,2025-10-06,43,True
chulo pt.2 || bad gyal & tokischa & young miko,Chulo pt.2,Bad Gyal & Tokischa & Young Miko,2024-06-24,2024-10-13,87,22,single,1,True,219333,87.17241379310344,91,2024-06-28,4,False
otra noche (feat. darell) || myke towers,OTRA NOCHE (feat. Darell),Myke Towers,2025-08-24,2025-11-16,85,11,album,20,True,224120,68.91764705882353,73,2025-09-07,14,False
me has invitado a bailar || dani fernández,Me has invitado a bailar,Dani Fernández,2025-09-04,2025-11-27,85,15,single,1,False,192906,65.58823529411765,71,2025-10-31,57,True
adivino || myke towers,ADIVINO,Myke Towers,2025-08-24,2025-11-16,85,10,album,20,True,278644,71.83529411764705,75,2025-08-24,0,False
ella baila sola || eslabon armado,Ella Baila Sola,Eslabon Armado,2024-05-18,2024-08-09,84,9,album,16,False,165671,92.26190476190476,94,2024-06-03,16,False
carita triste || ana mena & emilia,CARITA TRISTE,Ana Mena & Emilia,2025-09-01,2025-11-23,84,9,single,1,False,175296,75.26190476190476,78,2025-09-07,6,False
niña bonita || feid & sean paul,Niña Bonita,Feid & Sean Paul,2024-05-18,2024-08-08,83,13,single,1,False,187653,89.33734939759036,90,2024-05-19,1,False
las babys || aitana,LAS BABYS,Aitana,2024-06-09,2024-08-29,82,4,single,1,False,153827,80.32926829268293,83,2024-06-11,2,False
thalía || cyril kamer,Thalía,Cyril Kamer,2025-03-15,2025-06-04,81,9,single,1,False,183428,73.67901234567901,77,2025-04-09,25,False
los ángeles || aitana,Los Ángeles,Aitana,2024-05-18,2024-08-05,80,20,single,1,False,158483,82.7375,84,2024-05-18,0,False
suano || ntg & amenazzy,Suano,NTG & Amenazzy,2025-05-16,2025-08-09,80,6,single,1,True,137264,73.7375,76,2025-06-02,17,False
se me olvida || maisak & feid,SE ME OLVIDA,Maisak & Feid,2025-08-24,2025-11-16,79,11,single,1,True,225373,83.37974683544304,87,2025-09-01,8,False
hey lil mama || eladio carrion,Hey Lil Mama,Eladio Carrion,2025-01-21,2025-04-13,78,8,album,17,False,216338,82.84615384615384,86,2025-01-25,4,False
monaco || bad bunny,MONACO,Bad Bunny,2024-10-14,2025-01-12,78,1,album,22,True,267194,94.46153846153847,98,2024-10-14,0,False
una bachata || lola indigo,UNA BACHATA,Lola Indigo,2025-02-04,2025-04-27,77,8,album,7,False,157846,74.06493506493507,77,2025-02-04,0,False
no_se_ve.mp3 || emilia,No_Se_Ve.mp3,Emilia,2024-11-04,2025-02-09,75,32,album,13,False,203636,72.84,77,2024-11-05,1,False
apaga el cel || floyymenor & lewis somes,APAGA EL CEL,FloyyMenor & Lewis Somes,2025-05-26,2025-08-09,75,7,single,1,True,184806,82.92,87,2025-06-12,17,False
buscando money || twenty six & tayson kryss,Buscando Money,TWENTY SIX & Tayson Kryss,2025-02-02,2025-04-17,73,4,single,2,False,150000,77.86301369863014,87,2025-02-15,13,False
"japoni (feat. camin, moncho chavea, jthyago & samueliyo baby) || oscar el ruso & samuel g & omar montes","Japoni (feat. Camin, Moncho Chavea, Jthyago & Samueliyo Baby)",Oscar el Ruso & Samuel G & Omar Montes,2025-01-18,2025-06-17,72,26,single,1,False,248004,73.33333333333333,77,2025-02-25,38,False
rueda || rvfv,RUEDA,Rvfv,2025-06-02,2025-08-14,70,21,album,20,False,213120,63.3,67,2025-06-19,17,False
la marina sta morena || figa flawas,LA MARINA STA MORENA,Figa Flawas,2025-08-07,2025-10-15,69,19,single,1,False,131332,71.21739130434783,73,2025-09-04,28,False
arranca (feat. omega) || becky g & omega,Arranca (feat. Omega),Becky G & Omega,2024-05-18,2024-07-25,69,38,single,1,False,166529,84.55072463768116,86,2024-05-18,0,False
la rizos [dime si le comento a la pura] || las 2k & chardo chardemio & melody records international,La Rizos [Dime Si Le Comento a la Pura],Las 2K & Chardo Chardemio & Melody Records International,2025-08-25,2025-11-06,69,22,single,1,False,218119,72.31884057971014,74,2025-09-15,21,False
offline || young miko,offline,Young Miko,2025-04-07,2025-06-15,69,16,album,16,False,201935,84.21739130434783,88,2025-04-09,2,False
tengo un plan || key-key,Tengo Un Plan,Key-Key,2025-04-04,2025-06-11,69,11,single,1,False,189282,77.8695652173913,81,2025-04-14,10,False
duro de verdad pt.2 || los sufridos & bad gyal,Duro De Verdad pt.2,Los Sufridos & Bad Gyal,2025-09-21,2025-11-27,68,1,single,1,False,204303,74.97058823529412,77,2025-09-27,6,True
asi es la vida || enrique iglesias & maria becerra,ASI ES LA VIDA,Enrique Iglesias & Maria Becerra,2024-11-22,2025-03-23,67,38,single,1,False,172095,82.98507462686567,84,2025-01-31,70,False
pacto (feat. bryant myers & dei v) - remix || jay wheeler & anuel aa & hades66,Pacto (feat. Bryant Myers & Dei V) - Remix,Jay Wheeler & Anuel AA & Hades66,2024-07-29,2024-10-06,66,20,single,1,True,346000,80.43939393939394,84,2024-08-19,21,False
maquillaje || renn & yexel,Maquillaje,Renn & Yexel,2025-03-21,2025-06-02,65,18,single,1,True,211969,77.50769230769231,83,2025-04-08,18,False
q u e v a s h a c e r h o y ? || omar courtz,Q U E V A S H A C E R H O Y ?,Omar Courtz,2025-09-25,2025-11-27,64,1,album,17,False,224022,85.875,89,2025-10-02,7,True
gatita gangster || karol g,GATITA GANGSTER,KAROL G,2024-09-13,2024-11-24,63,30,album,9,True,170920,78.63492063492063,81,2024-10-12,29,False
después de la 1 || cris mj & floyymenor,Después De La 1,Cris Mj & FloyyMenor,2025-09-19,2025-11-23,63,11,single,2,True,177600,85.55555555555556,87,2025-09-27,8,False
la vida sin ti || rels b,La Vida Sin Ti,Rels B,2025-04-28,2025-06-29,63,8,album,13,False,164470,77.73015873015873,82,2025-05-02,4,False
soltera || shakira,Soltera,Shakira,2025-09-28,2025-11-27,61,5,single,1,False,214642,83.85245901639344,87,2025-10-14,16,True
"shakira: bzrp music sessions, vol. 53 || bizarrap & shakira","Shakira: Bzrp Music Sessions, Vol. 53",Bizarrap & Shakira,2024-05-18,2024-07-18,61,30,single,1,False,214945,93.67213114754098,95,2024-05-23,5,False
la sevillana - sevillanas || omar montes,LA SEVILLANA - SEVILLANAS,Omar Montes,2025-05-05,2025-07-03,60,8,single,1,False,220346,63.28333333333333,77,2025-05-05,0,False
"milo j: bzrp music sessions, vol. 57 || bizarrap & milo j","Milo J: Bzrp Music Sessions, Vol. 57",Bizarrap & Milo j,2024-10-07,2025-02-10,59,1,single,1,False,189901,86.22033898305085,89,2024-10-07,0,False
cafe malibú || sech & mora & saiko,Cafe Malibú,Sech & Mora & Saiko,2024-07-23,2024-09-19,59,9,single,1,True,260307,80.16949152542372,81,2024-07-25,2,False
"si si si si (feat. eladio carrion, bryant myers, dei v) || the academy: segunda misión & justin quiles & lenny tavárez","SI SI SI SI (feat. Eladio Carrion, Bryant Myers, Dei V)",The Academy: Segunda Misión & Justin Quiles & Lenny Tavárez,2025-04-01,2025-06-08,58,16,album,9,True,241958,74.03448275862068,76,2025-04-12,11,False
antes || rvfv & edu garcía,Antes,Rvfv & Edu García,2024-05-18,2024-07-22,58,29,single,1,False,153684,78.1896551724138,79,2024-05-18,0,False
un rodeoooo || rels b,Un Rodeoooo,Rels B,2024-07-23,2024-09-23,57,36,album,9,False,136082,75.08771929824562,78,2024-08-10,18,False
celine (with kidd keo) || ghost killer track & kidd keo,Celine (with Kidd Keo),Ghost Killer Track & Kidd Keo,2025-10-03,2025-11-27,55,9,single,1,False,176017,71.65454545454546,73,2025-10-18,15,True
gata only || floyymenor,Gata Only,FloyyMenor,2025-08-10,2025-10-14,55,15,album,7,True,222000,75.03636363636363,80,2025-08-10,0,False
acróstico || shakira,Acróstico,Shakira,2024-05-18,2024-07-09,53,1,single,1,False,170785,90.84905660377359,92,2024-05-19,1,False
despechá || rosalía,DESPECHÁ,ROSALÍA,2024-05-22,2025-01-02,51,39,album,24,False,156787,84.54901960784314,86,2024-06-12,21,False
potra salvaje || isabel aaiún,Potra Salvaje,Isabel Aaiún,2025-07-07,2025-08-28,50,14,album,10,False,199624,64.7,67,2025-07-18,11,False
hibiki || bad bunny,HIBIKI,Bad Bunny,2024-10-14,2024-12-01,49,2,album,22,True,208000,88.28571428571429,92,2024-10-14,0,False
qué pecao || manuel turizo & kapo,Qué Pecao,Manuel Turizo & Kapo,2025-10-06,2025-11-23,49,13,single,1,False,230073,74.14285714285714,77,2025-10-13,7,False
s91 || karol g,S91,KAROL G,2024-07-16,2024-09-04,49,21,single,1,False,173005,80.77551020408163,89,2024-08-13,28,False
la última || quevedo,LA ÚLTIMA,Quevedo,2025-02-03,2025-03-23,48,1,single,1,False,170322,81.45833333333333,84,2025-02-03,0,False
die with a smile || lady gaga & bruno mars,Die With A Smile,Lady Gaga & Bruno Mars,2025-08-31,2025-11-23,48,29,single,1,False,251667,99.77083333333333,100,2025-11-15,76,False
gatitas sandungueras vol.1 || alvaro diaz,GATITAS SANDUNGUERAS VOL.1,Alvaro Diaz,2025-05-19,2025-07-03,46,12,album,20,False,131853,77.8913043478261,83,2025-06-12,24,False
pasajero || mora,PASAJERO,Mora,2024-08-30,2024-10-13,45,4,album,15,False,149538,80.02222222222223,83,2024-08-30,0,False
gitana (feat. bryartz) || pablo chill-e,Gitana (feat. Bryartz),Pablo Chill-E,2025-05-03,2025-06-17,45,15,album,8,True,221714,80.77777777777777,83,2025-05-17,14,False
mamichula - con nicki nicole || trueno,Mamichula - con Nicki Nicole,Trueno,2025-02-18,2025-04-05,44,7,album,10,False,219201,87.04545454545455,89,2025-03-04,14,False
extasisssssss || saiko,Extasisssssss,Saiko,2024-12-20,2025-01-31,43,18,single,2,False,116666,66.53488372093024,75,2024-12-22,2,False
x'clusivo - remix || gonzy,X'CLUSIVO - REMIX,Gonzy,2025-10-13,2025-11-23,42,21,album,18,True,208133,57.714285714285715,64,2025-10-13,0,False
69 || nicky jam & feid,69,Nicky Jam & Feid,2024-05-21,2024-06-30,41,22,single,1,True,221935,83.53658536585365,87,2024-05-31,10,False
piribiri || jc reyes & pedro calderon,PIRIBIRI,JC Reyes & Pedro Calderon,2024-08-09,2024-09-29,41,37,single,1,False,176727,74.1951219512195,75,2024-09-17,39,False
mi lova || bad gyal & myke towers,Mi Lova,Bad Gyal & Myke Towers,2024-07-09,2024-08-18,41,14,single,1,True,220173,76.58536585365853,80,2024-07-09,0,False
degenere 👑 (feat. benny blanco) || myke towers,DEGENERE 👑 (feat. benny blanco),Myke Towers,2025-10-20,2025-11-27,39,1,album,30,True,130880,77.8974358974359,84,2025-10-25,5,True
rapapa || jc reyes,RAPAPA,JC Reyes,2025-10-20,2025-11-26,38,8,single,6,False,120888,66.5,71,2025-11-01,12,False
sorry 4 that much || feid,SORRY 4 THAT MUCH,Feid,2025-06-09,2025-07-17,38,9,single,1,True,207746,81.44736842105263,88,2025-06-17,8,False
x'clusivo || gonzy,X'CLUSIVO,Gonzy,2025-01-31,2025-03-09,38,3,single,1,True,175586,77.73684210526316,81,2025-03-02,30,False
tuya || rosalía,TUYA,ROSALÍA,2024-06-11,2024-07-18,38,6,single,1,True,154551,84.92105263157895,87,2024-06-11,0,False
star || jc reyes,STAR,JC Reyes,2025-10-20,2025-11-27,37,7,single,6,False,156000,67.62162162162163,73,2025-11-15,26,True
un preview || bad bunny,UN PREVIEW,Bad Bunny,2024-09-27,2024-11-02,37,1,single,1,False,165582,81.13513513513513,92,2024-09-27,0,False
la jumpa || arcángel,La Jumpa,Arcángel,2024-05-18,2024-06-23,37,36,album,18,True,255693,87.0,87,2024-05-29,11,False
fina || bad bunny,FINA,Bad Bunny,2024-10-14,2024-11-18,36,4,album,22,True,216327,89.0,93,2024-10-14,0,False
empelotica || lenny tavárez & feid,EMPELOTICA,Lenny Tavárez & Feid,2025-02-25,2025-04-06,36,16,single,1,True,190322,79.55555555555556,83,2025-03-03,6,False
fruto || bizarrap & milo j,Fruto,Bizarrap & Milo j,2024-10-07,2024-11-11,36,12,single,5,False,132294,87.30555555555556,91,2024-10-12,5,False
santa || rvssian & rauw alejandro & ayra starr,Santa,Rvssian & Rauw Alejandro & Ayra Starr,2025-04-16,2025-05-21,36,1,single,1,False,193038,87.55555555555556,93,2025-04-21,5,False
contigo (with tiësto) || karol g & tiësto,CONTIGO (with Tiësto),KAROL G & Tiësto,2025-02-17,2025-03-24,35,13,single,1,False,192786,88.0,90,2025-02-18,1,False
ferxxo 151 || feid & icon,FERXXO 151,Feid & ICON,2024-08-26,2024-09-29,35,9,single,1,False,195653,78.88571428571429,83,2024-08-26,0,False
alucin || eugenio esquivel & grupo marca registrada & sebastian esquivel,Alucin,Eugenio Esquivel & Grupo Marca Registrada & Sebastian Esquivel,2025-01-13,2025-04-05,35,21,single,1,True,197114,89.45714285714286,91,2025-03-22,68,False
thunder y lightning || bad bunny,THUNDER Y LIGHTNING,Bad Bunny,2024-10-14,2024-11-17,35,14,album,22,True,217133,83.37142857142857,87,2024-10-14,0,False
pedro || jaxomy & agatino romero & raffaella carrà,Pedro,Jaxomy & Agatino Romero & Raffaella Carrà,2025-04-14,2025-05-21,35,14,single,1,False,144846,87.65714285714286,92,2025-04-21,7,False
como camarón || estopa,Como Camarón,Estopa,2024-11-29,2025-02-21,35,32,album,12,False,202026,73.42857142857143,75,2025-01-03,35,False
akureyri || aitana & sebastian yatra,Akureyri,Aitana & Sebastian Yatra,2025-04-28,2025-06-01,34,10,single,1,False,194400,74.6470588235294,77,2025-04-28,0,False
thalía - remix || cyril kamer & rvfv & polimá westcoast,Thalía - Remix,Cyril Kamer & Rvfv & Polimá Westcoast,2025-07-18,2025-08-23,34,25,single,1,False,230857,69.17647058823529,72,2025-08-04,17,False
corazón roto - remix || brray & jhayco & ryan castro,Corazón Roto - Remix,Brray & Jhayco & Ryan Castro,2024-08-10,2024-09-13,33,26,single,1,True,275040,86.72727272727273,87,2024-09-09,30,False
vista al mar || quevedo,VISTA AL MAR,Quevedo,2024-05-21,2024-07-29,33,43,album,16,False,180672,82.18181818181819,83,2024-05-30,9,False
mojabi ghost || tainy,MOJABI GHOST,Tainy,2024-07-02,2024-08-03,33,6,album,19,True,232131,91.0909090909091,94,2024-07-02,0,False
tqmqa || eladio carrion,TQMQA,Eladio Carrion,2024-12-17,2025-01-26,32,15,single,1,False,169911,74.78125,80,2025-01-21,35,False
la inocente || mora,LA INOCENTE,Mora,2024-05-30,2024-08-11,31,45,album,15,True,202173,88.80645161290323,90,2024-06-21,22,False
si sabe ferxxo || blessd,SI SABE FERXXO,Blessd,2025-01-28,2025-02-28,31,27,album,14,True,152500,82.25806451612904,86,2025-02-01,4,False
pacto (feat. luar la l) || jay wheeler,Pacto (feat. Luar La L),Jay Wheeler,2024-06-01,2024-07-01,31,38,album,9,True,284021,70.61290322580645,72,2024-06-22,21,False
besos (with kidd keo & neelo) || swaggglock & kidd keo & neelo,BESOS (with Kidd Keo & Neelo),SwaggGlock & Kidd Keo & Neelo,2024-09-14,2024-10-13,30,22,single,1,True,172852,75.1,77,2024-09-19,5,False
quizás si quizás no || alvaro diaz & quevedo,QUIZÁS SI QUIZÁS NO,Alvaro Diaz & Quevedo,2024-11-25,2024-12-23,29,13,single,1,False,203213,73.62068965517241,79,2024-11-25,0,False
"peso pluma: bzrp music sessions, vol. 55 || bizarrap & peso pluma","Peso Pluma: Bzrp Music Sessions, Vol. 55",Bizarrap & Peso Pluma,2024-06-03,2024-07-01,29,2,single,1,True,188361,94.44827586206897,98,2024-06-03,0,False
miamor || aitana & rels b,miamor,Aitana & Rels B,2024-08-26,2024-09-23,29,4,single,1,False,159360,75.51724137931035,79,2024-08-26,0,False
classy 101 || feid,CLASSY 101,Feid,2024-12-02,2025-01-17,28,16,album,10,True,195586,75.21428571428571,84,2024-12-02,0,False
perdió este culo || bad gyal,Perdió Este Culo,Bad Gyal,2025-01-28,2025-02-24,28,18,album,15,True,159253,74.07142857142857,78,2025-01-31,3,False
chorrito pa las animas || feid,CHORRITO PA LAS ANIMAS,Feid,2024-05-18,2024-06-14,28,32,single,6,True,168133,91.0,91,2024-05-18,0,False
bad boy || chris jedi & gaby music & dei v,BAD BOY,Chris Jedi & Gaby Music & Dei V,2025-02-11,2025-03-10,28,16,single,1,True,235146,73.39285714285714,78,2025-02-11,0,False
el malo || eladio carrion,El Malo,Eladio Carrion,2025-01-21,2025-02-17,27,20,album,17,False,209655,77.85185185185185,81,2025-01-25,4,False
hablame claro || yandel & feid,Hablame Claro,Yandel & Feid,2025-09-16,2025-10-12,27,5,single,1,True,154969,81.14814814814815,84,2025-09-25,9,False
la nena || lyanno & rauw alejandro,LA NENA,Lyanno & Rauw Alejandro,2025-04-21,2025-05-25,27,25,single,1,True,200040,78.14814814814815,80,2025-04-27,6,False
my love || de la ghetto & quevedo,My Love,De La Ghetto & Quevedo,2024-06-04,2024-07-01,27,36,single,1,False,214123,73.77777777777777,78,2024-06-15,11,False
un x100to || grupo frontera & bad bunny,un x100to,Grupo Frontera & Bad Bunny,2024-05-18,2024-06-14,27,31,single,1,False,194563,99.96296296296296,100,2024-05-21,3,False
copa vacía || shakira & manuel turizo,Copa Vacía,Shakira & Manuel Turizo,2024-07-02,2024-07-28,27,16,single,1,False,173547,85.70370370370371,88,2024-07-02,0,False
2xll || jc reyes & yovngchimi & slayter,2xLL,JC Reyes & YOVNGCHIMI & Slayter,2025-07-12,2025-08-09,26,35,single,1,False,178909,68.8076923076923,71,2025-07-23,11,False
yo sé || yan block & torrres,Yo sé,Yan Block & TORRRES,2025-11-01,2025-11-27,26,8,single,1,True,129705,72.65384615384616,76,2025-11-22,21,True
perreo lento || chris jedi & gaby music & dei v,PERREO LENTO,Chris Jedi & Gaby Music & Dei V,2025-03-02,2025-03-29,26,28,single,5,True,156640,74.6923076923077,75,2025-03-07,5,False
duro || quevedo,DURO,Quevedo,2025-11-02,2025-11-27,26,1,single,1,False,162204,72.5,76,2025-11-02,0,True
nueva era || duki,Nueva Era,Duki,2025-11-03,2025-11-27,25,3,album,15,True,217547,78.76,83,2025-11-08,5,True
polaris || saiko,Polaris,Saiko,2024-05-18,2024-06-11,25,22,single,3,True,192122,77.68,78,2024-06-10,23,False
diabla || los diozes,DIABLA,Los Diozes,2025-10-27,2025-11-20,25,17,album,8,True,217945,67.48,70,2025-11-03,7,False
no has cambiado || baby rasta & noriel & hades66,No Has Cambiado,Baby Rasta & Noriel & Hades66,2025-10-13,2025-11-27,24,11,single,1,True,276404,69.58333333333333,71,2025-10-15,2,True
ia || clarent,IA,Clarent,2025-10-20,2025-11-12,24,1,single,1,True,171428,72.54166666666667,78,2025-11-09,20,False
espresso || sabrina carpenter,Espresso,Sabrina Carpenter,2025-06-09,2025-07-03,24,39,single,1,True,175459,96.29166666666667,99,2025-06-28,19,False
falsos recuerdos || abraham mateo & omar montes,Falsos Recuerdos,Abraham Mateo & Omar Montes,2025-02-01,2025-02-25,24,32,single,1,False,191414,71.83333333333333,75,2025-02-08,7,False
mi nena remix || maikel delacalle & quevedo,Mi Nena Remix,Maikel Delacalle & Quevedo,2024-05-18,2024-06-10,24,26,single,1,False,220000,81.16666666666667,82,2024-05-19,1,False
como suenan las estrellas || saiko,COMO SUENAN LAS ESTRELLAS,SAIKO,2025-04-28,2025-05-19,22,24,album,16,False,138677,69.31818181818181,73,2025-04-30,2,False
se pone las nike || cano,Se Pone Las Nike,Cano,2025-11-06,2025-11-27,22,6,album,10,False,159375,66.54545454545455,72,2025-11-14,8,True
mi ex tenía razón || karol g,MI EX TENÍA RAZÓN,KAROL G,2024-08-13,2025-07-31,22,16,album,9,False,154374,79.0909090909091,85,2024-08-13,0,False
no te quieren conmigo - remix || gaby music & anuel aa & luar la l,No Te Quieren Conmigo - Remix,Gaby Music & Anuel AA & Luar La L,2025-04-07,2025-04-27,21,17,single,1,False,328226,73.28571428571429,77,2025-04-07,0,False
i like the way you kiss me || artemas,i like the way you kiss me,Artemas,2025-04-04,2025-05-02,21,19,single,1,False,142514,97.85714285714286,100,2025-04-18,14,False
que te vaya bien || rvfv,Que te vaya bien,Rvfv,2024-05-18,2024-06-07,21,26,single,1,False,204960,77.0,77,2024-05-18,0,False
zorra || nebulossa,ZORRA,Nebulossa,2025-02-05,2025-05-18,21,8,single,1,True,183577,72.76190476190476,75,2025-02-05,0,False
la sevillana || omar montes,LA SEVILLANA,Omar Montes,2025-04-14,2025-05-04,21,3,single,1,False,220346,71.9047619047619,77,2025-04-20,6,False
all i want for christmas is you || mariah carey,All I Want for Christmas Is You,Mariah Carey,2024-12-03,2025-01-02,20,1,album,10,False,241106,99.0,100,2024-12-25,22,False
sangre y fe || cruz cafuné,Sangre y Fe,Cruz Cafuné,2024-05-28,2024-06-16,20,6,album,23,True,231500,71.45,74,2024-05-28,0,False
0 confianza || rvfv,0 CONFIANZA,Rvfv,2025-06-02,2025-06-23,20,23,album,20,False,217500,57.55,62,2025-06-07,5,False
passoa || jhayco,Passoa,JHAYCO,2025-09-08,2025-09-27,20,27,album,29,False,309280,66.0,70,2025-09-08,0,False
passoa || jhayco & kapo,Passoa,JHAYCO & Kapo,2025-08-17,2025-09-07,20,19,single,1,False,309280,76.5,79,2025-08-26,9,False
ferxxo 151 || feid,FERXXO 151,Feid,2024-09-30,2024-11-06,20,17,album,15,False,195320,63.2,74,2024-09-30,0,False
haz lo que quieras conmigo || walls,haz lo que quieras conmigo,Walls,2025-09-22,2025-10-19,20,33,single,1,False,208603,65.8,68,2025-09-22,0,False
corleone || saiko,CORLEONE,Saiko,2024-12-24,2025-01-15,20,21,album,7,False,192000,60.35,69,2024-12-24,0,False
pasiempre || tainy,PASIEMPRE,Tainy,2024-07-02,2024-07-20,19,21,album,19,True,355795,83.36842105263158,87,2024-07-05,3,False
imperio || duki,Imperio,Duki,2025-11-03,2025-11-23,19,15,album,15,True,168711,72.10526315789474,76,2025-11-09,6,False
57 || karol g & feid & dfzm,57,KAROL G & Feid & DFZM,2025-11-10,2025-11-27,18,8,single,1,True,298130,80.11111111111111,85,2025-11-10,0,True
flowers || miley cyrus,Flowers,Miley Cyrus,2024-05-18,2024-06-06,18,44,album,13,False,200600,91.0,91,2024-05-19,1,False
the emptiness machine || linkin park,The Emptiness Machine,Linkin Park,2025-09-11,2025-10-02,17,30,single,1,True,190427,91.11764705882354,93,2025-09-13,2,False
la fiesta || pedro capó,La Fiesta,Pedro Capó,2024-05-18,2024-06-27,17,30,album,10,False,201044,74.41176470588235,76,2024-05-20,2,False
andando || morad,Andando,Morad,2024-05-18,2024-06-03,17,34,album,19,True,261713,72.6470588235294,76,2024-05-19,1,False
remix exclusivo || feid,REMIX EXCLUSIVO,Feid,2024-05-18,2024-06-04,17,43,single,1,True,206946,87.23529411764706,88,2024-05-20,2,False
un desperdicio || rels b,Un Desperdicio,Rels B,2025-04-28,2025-05-15,16,29,album,13,False,223783,79.25,83,2025-05-08,10,False
a new star (2 0 2 4) || rels b,a new star (2 0 2 4),Rels B,2025-05-09,2025-05-30,16,32,album,13,True,142235,75.375,76,2025-05-16,7,False
la baby || brytiago,La Baby,Brytiago,2024-11-03,2024-12-02,16,3,single,1,True,161333,70.375,74,2024-11-30,27,False
mirame || blessd & ovy on the drums,Mirame,Blessd & Ovy On The Drums,2025-07-15,2025-07-30,16,13,single,1,True,157453,86.5,88,2025-07-19,4,False
se grita || morad,Se Grita,Morad,2024-07-21,2024-08-05,16,46,album,19,True,259627,84.5,85,2024-07-25,4,False
tattoo || loreen,Tattoo,Loreen,2024-05-18,2024-06-02,16,21,single,1,False,183374,91.4375,93,2024-05-18,0,False
whisky || samuel g & oscar el ruso & aissa,Whisky,Samuel G & Oscar el Ruso & Aissa,2025-07-17,2025-07-31,15,30,single,1,False,305265,68.53333333333333,71,2025-07-21,4,False
telefono nuevo || bad bunny,TELEFONO NUEVO,Bad Bunny,2024-10-14,2024-10-28,15,9,album,22,True,354784,80.8,89,2024-10-14,0,False
eroticaaaaaaa || gonzy,EROTICAAAAAAA,Gonzy,2025-10-13,2025-10-31,15,38,album,18,True,169666,58.13333333333333,62,2025-10-25,12,False
cúrame || rauw alejandro,Cúrame,Rauw Alejandro,2025-08-01,2025-08-16,15,41,album,14,True,164705,83.13333333333334,84,2025-08-10,9,False
amanece || anuel aa & haze,Amanece,Anuel AA & Haze,2024-05-25,2025-07-06,15,47,single,1,False,190004,81.46666666666667,85,2024-06-23,29,False
cupido || engel montaz & kuv507 & latinnites music,Cupido,Engel Montaz & Kuv507 & Latinnites Music,2025-04-18,2025-06-05,15,22,single,1,False,215000,76.46666666666667,77,2025-04-23,5,False
ia || clarent & mora,IA,Clarent & Mora,2025-11-13,2025-11-27,15,1,single,1,True,240000,79.66666666666667,80,2025-11-13,0,True
baby nueva || bad bunny,BABY NUEVA,Bad Bunny,2024-10-14,2024-10-28,15,12,album,22,True,240773,80.86666666666666,90,2024-10-14,0,False
nadie sabe || bad bunny,NADIE SABE,Bad Bunny,2024-10-14,2024-10-28,15,3,album,22,True,379058,81.4,89,2024-10-14,0,False
enamórate || nicki nicole & bad gyal,Enamórate,Nicki Nicole & Bad Gyal,2024-11-16,2024-12-01,15,31,single,1,False,147785,70.46666666666667,76,2024-11-18,2,False
k-pop || travis scott & bad bunny & the weeknd,K-POP,Travis Scott & Bad Bunny & The Weeknd,2024-07-23,2024-08-05,14,21,single,1,True,185220,79.57142857142857,93,2024-07-23,0,False
media luna || mora,MEDIA LUNA,Mora,2024-08-30,2024-09-21,14,5,album,15,False,134948,73.85714285714286,81,2024-08-30,0,False
conexión || cano,Conexión,Cano,2025-10-27,2025-11-14,14,27,album,10,False,188160,51.714285714285715,58,2025-10-27,0,False
apaga el cel || floyymenor,APAGA EL CEL,FloyyMenor,2025-08-10,2025-09-04,14,22,album,7,True,184806,59.142857142857146,72,2025-08-10,0,False
new woman (feat. rosalía) || lisa & rosalía,New Woman (feat. ROSALÍA),LISA & ROSALÍA,2025-08-17,2025-08-30,14,15,single,1,False,179789,80.85714285714286,91,2025-08-17,0,False
omega (feat. ralphie choo) || rosalía,Omega (feat. Ralphie Choo),ROSALÍA,2025-09-27,2025-10-10,14,3,single,1,False,169500,70.5,73,2025-09-27,0,False
capri sun || b10 & kilvertz,Capri Sun,B10 & Kilvertz,2025-07-31,2025-08-14,14,34,single,1,False,168727,66.28571428571429,70,2025-08-05,5,False
baby hello || rauw alejandro & bizarrap,BABY HELLO,Rauw Alejandro & Bizarrap,2024-06-25,2024-07-08,14,2,single,1,True,222461,83.57142857142857,89,2024-06-28,3,False
xxx_rosario_xxx || saiko,Xxx_Rosario_xxX,Saiko,2024-12-24,2025-01-05,13,23,album,7,True,188936,66.23076923076923,71,2024-12-24,0,False
es un secreto || plan b,Es un Secreto,Plan B,2025-06-22,2025-07-04,13,37,album,15,False,192120,82.3076923076923,84,2025-06-30,8,False
"vvs switch (feat. hades66, luar la l & cdobleta) - remix || pressure 9x19 & anuel aa & yovngchimi","VVS Switch (feat. Hades66, Luar La L & CDobleta) - Remix",Pressure 9X19 & Anuel AA & YOVNGCHIMI,2025-03-17,2025-03-30,13,13,single,1,True,555071,75.53846153846153,79,2025-03-17,0,False
bandidona || saiko,Bandidona,Saiko,2024-10-29,2024-11-10,13,20,single,1,False,160941,68.61538461538461,74,2024-10-29,0,False
tacos gucci || anuel aa,Tacos Gucci,Anuel AA,2025-02-18,2025-03-05,13,19,single,1,True,207157,79.53846153846153,84,2025-02-22,4,False
imagínate || danny ocean & kapo,Imagínate,Danny Ocean & Kapo,2025-11-15,2025-11-27,13,15,single,1,True,170365,74.61538461538461,78,2025-11-23,8,True
gran día || mau y ricky & guaynaa,Gran Día,Mau y Ricky & Guaynaa,2025-05-16,2025-06-01,13,17,single,1,False,193840,67.84615384615384,72,2025-05-31,15,False
hay lupita || megan koffe,Hay Lupita,Megan Koffe,2025-06-28,2025-07-10,13,30,single,1,True,108855,60.69230769230769,64,2025-07-08,10,False
polaris - remix || saiko,POLARIS - Remix,SAIKO,2025-04-28,2025-05-09,12,31,album,16,True,288000,61.916666666666664,66,2025-04-29,1,False
doblexxó || j balvin,Doblexxó,J Balvin,2025-08-10,2025-08-23,12,33,album,15,True,176720,63.75,74,2025-08-10,0,False
luna || saiko,LUNA,SAIKO,2025-04-28,2025-05-09,12,9,album,16,False,240923,67.58333333333333,70,2025-04-28,0,False
lunch || billie eilish,LUNCH,Billie Eilish,2025-05-19,2025-05-30,12,20,album,10,False,179586,89.33333333333333,95,2025-05-25,6,False
gangster (pqfnedg) || ovy on the drums & quevedo & yandel,GANGSTER (PQFNEDG),Ovy On The Drums & Quevedo & Yandel,2024-10-21,2024-11-01,12,15,single,1,True,215470,65.41666666666667,78,2024-10-21,0,False
el condenao || lola indigo,EL CONDENAO,Lola Indigo,2024-12-17,2025-01-04,12,35,album,7,False,144829,60.333333333333336,64,2024-12-22,5,False
número telefónico || saiko,NÚMERO TELEFÓNICO,SAIKO,2025-04-28,2025-05-09,12,14,album,16,True,190000,68.91666666666667,72,2025-04-28,0,False
100xciento || foreign teck & eladio carrion & de la ghetto,100xCiento,Foreign Teck & Eladio Carrion & De La Ghetto,2025-04-30,2025-05-15,11,13,single,1,True,219682,73.72727272727273,75,2025-05-11,11,False
en to lao || haze & jhayco,En To Lao,Haze & Jhayco,2024-06-15,2024-07-01,11,45,single,1,True,195033,75.0909090909091,79,2024-07-01,16,False
se fue || rauw alejandro,Se Fue,Rauw Alejandro,2025-11-17,2025-11-27,11,5,album,18,False,240179,76.63636363636364,80,2025-11-17,0,True
pólvora || mora,PÓLVORA,Mora,2024-08-30,2024-09-09,11,8,album,15,True,185326,71.0,81,2024-08-30,0,False
qué pasaría... || rauw alejandro,Qué Pasaría...,Rauw Alejandro,2025-11-17,2025-11-27,11,1,album,18,True,191018,80.81818181818181,86,2025-11-17,0,True
no estuviste en lo malo || morad,No Estuviste En Lo Malo,Morad,2024-05-18,2024-06-23,11,46,album,19,False,247680,72.0,77,2024-05-31,13,False
te menti || ozuna & saiko & ovy on the drums,Te Menti,Ozuna & Saiko & Ovy On The Drums,2024-09-19,2024-09-29,11,38,single,1,False,187129,73.18181818181819,77,2024-09-20,1,False
khé? || rauw alejandro,Khé?,Rauw Alejandro,2025-11-17,2025-11-27,11,8,album,18,False,206066,77.27272727272727,83,2025-11-23,6,True
"besame (feat. tiago pzk, khea & neo pistea) - remix || bhavi & seven kayne & milo j","BESAME (feat. Tiago PZK, Khea & Neo Pistea) - Remix",Bhavi & Seven Kayne & Milo j,2025-04-24,2025-05-06,11,28,single,1,True,284308,83.0909090909091,85,2025-04-26,2,False
la baby || tainy,LA BABY,Tainy,2024-07-02,2024-07-12,11,25,album,19,False,182857,74.63636363636364,78,2024-07-02,0,False
besitos bb 2.0 || el perla & omar montes & saiko,Besitos BB 2.0,El Perla & Omar Montes & SAIKO,2025-10-16,2025-10-31,11,9,single,1,True,233693,64.63636363636364,67,2025-10-16,0,False
las bratz (remix) || aissa & jc reyes & saiko,Las Bratz (Remix),Aissa & JC Reyes & Saiko,2024-05-18,2024-05-27,10,44,single,1,True,444631,76.0,76,2024-05-20,2,False
rosas || la oreja de van gogh,Rosas,La Oreja de Van Gogh,2025-10-17,2025-10-26,10,30,album,12,False,237026,70.2,81,2025-10-19,2,False
el jefe || shakira & fuerza regida,El Jefe,Shakira & Fuerza Regida,2024-09-24,2024-10-03,10,31,single,1,True,170297,80.8,85,2024-09-27,3,False
memorias || mora,MEMORIAS,Mora,2024-05-18,2024-05-27,10,39,album,15,False,228750,82.0,82,2024-05-23,5,False
mientras me curo del cora || karol g,MIENTRAS ME CURO DEL CORA,KAROL G,2025-07-24,2025-08-02,10,37,album,17,False,164386,81.7,82,2025-07-28,4,False
sport+ rmx || clarent & myke towers,Sport+ RMX,Clarent & Myke Towers,2025-08-15,2025-08-23,9,47,single,1,True,219813,70.22222222222223,71,2025-08-17,2,False
colmillo || tainy,COLMILLO,Tainy,2024-10-19,2024-11-14,9,18,album,20,True,265999,72.66666666666667,78,2024-11-10,22,False
fortnight (feat. post malone) || taylor swift,Fortnight (feat. Post Malone),Taylor Swift,2025-04-21,2025-04-30,9,24,album,16,False,228965,89.77777777777777,94,2025-04-24,3,False
4to 23 || aitana,4TO 23,Aitana,2025-07-07,2025-07-16,9,17,single,1,False,168320,65.22222222222223,69,2025-07-07,0,False
please please please || sabrina carpenter,Please Please Please,Sabrina Carpenter,2025-06-12,2025-06-20,9,33,single,2,True,186365,87.0,91,2025-06-18,6,False
yo lo soñé || saiko & omar montes,YO LO SOÑÉ,SAIKO & Omar Montes,2025-04-19,2025-04-27,9,2,single,1,False,175456,69.55555555555556,75,2025-04-25,6,False
diablita (feat. yovngchimi) || myke towers,DIABLITA (feat. YOVNGCHIMI),Myke Towers,2025-08-24,2025-09-04,9,34,album,20,True,185960,60.22222222222222,70,2025-08-24,0,False
déjame entrar || rauw alejandro,Déjame Entrar,Rauw Alejandro,2025-07-25,2025-11-23,9,17,single,1,True,254705,72.0,75,2025-11-17,115,False
bailando bachata || chayanne,Bailando Bachata,Chayanne,2025-05-13,2025-06-02,9,45,album,9,False,170809,77.88888888888889,78,2025-06-01,19,False
chula || jc reyes,CHULA,JC Reyes,2024-12-28,2025-01-20,8,49,single,1,False,152842,71.75,73,2025-01-17,20,False
cometa halley || saiko,COMETA HALLEY,SAIKO,2025-04-28,2025-05-05,8,24,album,16,True,230549,65.375,69,2025-04-28,0,False
mercedes carota || bad bunny,MERCEDES CAROTA,Bad Bunny,2024-10-14,2024-10-21,8,17,album,22,True,202635,71.625,86,2024-10-14,0,False
we can't be friends (wait for your love) || ariana grande,we can't be friends (wait for your love),Ariana Grande,2025-03-11,2025-03-20,8,31,album,13,False,228639,88.375,92,2025-03-13,2,False
58 || jhayco,58,JHAYCO,2025-09-08,2025-09-18,8,35,album,29,False,287586,65.0,68,2025-09-08,0,False
yo tengo un novio || lola indigo,YO TENGO UN NOVIO,Lola Indigo,2024-12-17,2024-12-24,8,18,album,7,False,144424,60.125,63,2024-12-21,4,False
vida de rock || duki,Vida De Rock,Duki,2025-11-03,2025-11-10,8,34,album,15,True,181503,69.25,73,2025-11-07,4,False
"natanael cano: bzrp music sessions, vol. 59 || bizarrap & natanael cano","Natanael Cano: Bzrp Music Sessions, Vol. 59",Bizarrap & Natanael Cano,2025-04-06,2025-04-13,8,32,single,1,True,155888,78.125,83,2025-04-07,1,False
flow violento - remix || yosoyplex & ruven,Flow Violento - Remix,YoSoyPlex & Ruven,2024-05-30,2024-06-20,8,46,single,1,True,166533,75.375,76,2024-06-06,7,False
constelación || duki,Constelación,Duki,2025-11-03,2025-11-10,8,26,album,15,False,200631,65.375,70,2025-11-03,0,False
cybertruck || bad bunny,CYBERTRUCK,Bad Bunny,2024-10-14,2024-10-21,8,8,album,22,True,191959,73.75,87,2024-10-14,0,False
que me lleve el aire || luis cortés,Que Me Lleve el Aire,Luis Cortés,2025-10-10,2025-10-17,8,42,single,1,False,170172,67.0,67,2025-10-13,3,False
3 caídas || saiko,3 CAÍDAS,SAIKO,2025-04-28,2025-05-05,8,13,album,16,False,251565,65.75,69,2025-04-28,0,False
dubai || trueno & beny jr,DUBAI,Trueno & Beny Jr,2024-06-15,2024-06-22,8,47,single,1,False,146000,75.75,77,2024-06-17,2,False
rockstar 2.0 || duki,RoCKSTAR 2.0,Duki,2024-06-25,2024-07-02,8,16,album,14,True,173729,74.375,78,2024-06-25,0,False
mr. october || bad bunny,MR. OCTOBER,Bad Bunny,2024-10-14,2024-10-21,8,7,album,22,True,189258,74.375,88,2024-10-14,0,False
alegría || tiago pzk,Alegría,Tiago PZK,2025-09-28,2025-10-05,8,8,album,14,False,165054,73.125,74,2025-10-02,4,False
no soy eterno || bizarrap & milo j,No soy Eterno,Bizarrap & Milo j,2024-10-07,2024-10-13,7,27,single,5,False,151468,75.57142857142857,80,2024-10-10,3,False
acho pr || bad bunny,ACHO PR,Bad Bunny,2024-10-14,2024-10-20,7,15,album,22,True,359647,69.57142857142857,85,2024-10-14,0,False
buscarte lejos || duki,Buscarte Lejos,Duki,2025-11-03,2025-11-09,7,28,album,15,False,194447,68.0,72,2025-11-06,3,False
bubalu || feid,BUBALU,Feid,2024-09-30,2024-10-06,7,26,album,15,False,228253,49.714285714285715,72,2024-09-30,0,False
vente conmigo || feid,VENTE CONMIGO,Feid,2024-08-06,2024-08-12,7,22,single,1,False,186000,77.14285714285714,80,2024-08-06,0,False
chihiro || billie eilish,CHIHIRO,Billie Eilish,2025-05-19,2025-05-25,7,39,album,10,False,303440,84.71428571428571,92,2025-05-19,0,False
rápido || mora,RÁPIDO,Mora,2024-05-18,2024-05-24,7,41,single,1,True,182857,81.71428571428571,82,2024-05-18,0,False
gracias por nada || bad bunny,GRACIAS POR NADA,Bad Bunny,2024-10-14,2024-10-20,7,11,album,22,True,177450,71.0,86,2024-10-14,0,False
no pienso llamar || soge culebra & quevedo & garabatto,NO PIENSO LLAMAR,Soge Culebra & Quevedo & GARABATTO,2024-10-07,2024-10-13,7,16,single,1,False,198352,64.14285714285714,72,2024-10-07,0,False
"yes, and? || ariana grande","yes, and?",Ariana Grande,2025-01-14,2025-01-20,7,30,single,1,True,214994,91.0,94,2025-01-18,4,False
revolú || rauw alejandro,Revolú,Rauw Alejandro,2025-11-17,2025-11-23,7,10,album,18,True,215511,73.14285714285714,77,2025-11-17,0,False
corleone || saiko & yandel,CORLEONE,Saiko & Yandel,2024-12-17,2024-12-23,7,16,single,1,False,192000,66.85714285714286,70,2024-12-21,4,False
quickie || dei v,Quickie,Dei V,2025-11-19,2025-11-25,7,31,single,1,True,123673,66.57142857142857,68,2025-11-23,4,False
toy en el mic || bizarrap & milo j,Toy en el Mic,Bizarrap & Milo j,2024-10-07,2024-10-13,7,24,single,5,True,137053,76.0,81,2024-10-10,3,False
tú con él || rauw alejandro,Tú Con Él,Rauw Alejandro,2025-11-17,2025-11-23,7,12,album,18,False,289131,75.14285714285714,79,2025-11-17,0,False
los pits || bad bunny,LOS PITS,Bad Bunny,2024-10-14,2024-10-20,7,20,album,22,True,250851,70.14285714285714,85,2024-10-14,0,False
mala suerte || lola indigo & dellafuente,MALA SUERTE,Lola Indigo & DELLAFUENTE,2024-09-03,2024-09-09,7,32,single,1,False,215142,65.0,69,2024-09-06,3,False
apt. || rosé & bruno mars,APT.,ROSÉ & Bruno Mars,2025-10-23,2025-11-01,7,42,single,1,False,169917,92.14285714285714,96,2025-10-30,7,False
houdini || dua lipa,Houdini,Dua Lipa,2024-11-11,2024-11-17,7,23,single,1,False,185917,81.42857142857143,89,2024-11-11,0,False
bendecido || eladio carrion,Bendecido,Eladio Carrion,2025-01-21,2025-01-26,6,7,album,17,True,142736,75.0,78,2025-01-21,0,False
bubalu || feid & rema,BUBALU,Feid & Rema,2024-09-24,2024-09-29,6,21,single,1,False,228253,61.333333333333336,77,2024-09-25,1,False
taste || sabrina carpenter,Taste,Sabrina Carpenter,2025-08-29,2025-09-03,6,47,album,12,False,157279,89.66666666666667,92,2025-08-31,2,False
hoy || valentino merlo & the la planta,Hoy,Valentino Merlo & The La Planta,2025-09-29,2025-10-04,6,13,single,1,False,198495,83.5,84,2025-10-02,3,False
hasta olvidarte || mau y ricky,Hasta Olvidarte,Mau y Ricky,2025-06-03,2025-06-08,6,23,album,15,False,188862,68.83333333333333,71,2025-06-04,1,False
malicia || dellafuente,Malicia,DELLAFUENTE,2025-06-16,2025-06-21,6,29,album,10,False,177500,42.0,50,2025-06-16,0,False
ni me conozco || rauw alejandro,Ni Me Conozco,Rauw Alejandro,2025-11-17,2025-11-22,6,26,album,18,True,229787,71.33333333333333,75,2025-11-17,0,False
orgullosa de papá || cano,Orgullosa De Papá,Cano,2025-11-01,2025-11-23,6,45,album,10,False,174174,55.0,59,2025-11-16,15,False
no me quiero casar || bad bunny,NO ME QUIERO CASAR,Bad Bunny,2024-10-14,2024-10-19,6,22,album,22,True,225654,67.0,84,2024-10-14,0,False
hermosa casualidad || sen senra & aitana,Hermosa Casualidad,Sen Senra & Aitana,2025-06-02,2025-06-09,6,39,single,1,False,205779,55.833333333333336,61,2025-06-06,4,False
cohete || shakira,Cohete,Shakira,2025-03-24,2025-03-30,6,21,album,17,False,172503,60.5,75,2025-03-24,0,False
provenza || karol g,PROVENZA,KAROL G,2025-07-25,2025-07-30,6,45,album,17,False,207626,82.16666666666667,83,2025-07-26,1,False
fantasías || mora,FANTASÍAS,Mora,2024-08-30,2024-09-04,6,9,album,15,True,191847,63.333333333333336,78,2024-08-30,0,False
una velita || bad bunny,Una Velita,Bad Bunny,2025-09-22,2025-09-27,6,7,single,1,True,239986,75.83333333333333,78,2025-09-22,0,False
sexesexy || mushkaa,SexeSexy,Mushkaa,2025-03-31,2025-04-13,6,40,album,9,False,232800,52.5,57,2025-03-31,0,False
razones || ozuna & anuel aa & mambo kingz,Razones,Ozuna & Anuel AA & Mambo Kingz,2025-06-30,2025-07-05,6,16,single,1,False,222727,67.5,71,2025-06-30,0,False
dararí || aitana,Dararí,Aitana,2024-09-24,2024-09-29,6,13,album,15,False,170346,62.166666666666664,70,2024-09-24,0,False
don't lie || duki,don't liE,Duki,2024-06-25,2024-06-29,5,44,album,14,False,213892,71.8,75,2024-06-28,3,False
the code || nemo,The Code,Nemo,2025-05-14,2025-05-18,5,24,single,1,False,180141,79.8,83,2025-05-14,0,False
"ride or die, pt. 2 (with villano antillano & tokischa) || sevdaliza & villano antillano & tokischa","Ride Or Die, Pt. 2 (with Villano Antillano & Tokischa)",Sevdaliza & Villano Antillano & Tokischa,2025-04-26,2025-05-12,5,26,single,2,True,158728,83.4,86,2025-04-27,1,False
trato de estar bien || duki,Trato De Estar Bien,Duki,2025-11-03,2025-11-09,5,37,album,15,False,213408,65.6,68,2025-11-03,0,False
baticano || bad bunny,BATICANO,Bad Bunny,2024-10-14,2024-10-18,5,23,album,22,True,256000,63.4,83,2024-10-14,0,False
vuelve candy b || bad bunny,VUELVE CANDY B,Bad Bunny,2024-10-14,2024-10-18,5,19,album,22,True,266171,63.4,83,2024-10-14,0,False
espresso martini || rauw alejandro,Espresso Martini,Rauw Alejandro,2025-11-17,2025-11-21,5,21,album,18,True,191219,71.2,74,2025-11-17,0,False
europapa || joost,Europapa,Joost,2025-05-14,2025-05-18,5,33,single,2,False,160218,84.2,86,2025-05-15,1,False
last christmas - single version || wham!,Last Christmas - Single Version,Wham!,2024-12-23,2024-12-27,5,4,album,16,False,265960,89.0,89,2024-12-25,2,False
vou 787 || bad bunny,VOU 787,Bad Bunny,2024-10-14,2024-10-18,5,13,album,22,True,123643,65.0,85,2024-10-14,0,False
g-wa || zheus,G-WA,ZHEUS,2025-11-21,2025-11-27,5,39,single,1,True,116107,60.0,63,2025-11-23,2,True
romero santo || dellafuente,Romero Santo,DELLAFUENTE,2025-06-16,2025-06-21,5,31,album,10,False,191414,45.4,53,2025-06-16,0,False
fecha || feid & yandel,Fecha,Feid & Yandel,2025-04-14,2025-04-18,5,39,single,5,True,188600,72.4,76,2025-04-17,3,False
nana del hilo rojo || saiko,NANA DEL HILO ROJO,SAIKO,2025-04-28,2025-05-02,5,16,album,16,False,163893,65.4,68,2025-04-28,0,False
hey bb || saiko,HEY BB,SAIKO,2025-04-28,2025-05-02,5,26,album,16,False,163701,63.0,65,2025-04-28,0,False
14 febreros || quevedo,14 FEBREROS,Quevedo,2025-11-24,2025-11-27,4,9,album,18,True,172422,65.75,68,2025-11-24,0,True
2am || sebastian yatra & bad gyal,2AM,Sebastian Yatra & Bad Gyal,2025-11-24,2025-11-27,4,31,single,1,False,196426,60.0,64,2025-11-27,3,True
t'as peur || aya nakamura,T'as peur,Aya Nakamura,2024-05-18,2024-05-21,4,45,album,15,False,215284,70.0,70,2024-05-18,0,False
baja pa' acá || rauw alejandro,Baja Pa' Acá,Rauw Alejandro,2025-11-17,2025-11-20,4,22,album,18,True,200000,69.75,72,2025-11-17,0,False
el estribillo || quevedo,EL ESTRIBILLO,Quevedo,2025-11-24,2025-11-27,4,16,album,18,False,161444,64.25,67,2025-11-24,0,True
te fallé || quevedo,TE FALLÉ,Quevedo,2025-11-24,2025-11-27,4,17,album,18,False,219460,64.25,67,2025-11-24,0,True
mal de amores || natos y waor & israel b,Mal de amores,Natos y Waor & Israel B,2025-02-11,2025-02-17,4,29,single,1,False,255071,61.25,64,2025-02-15,4,False
boreal || saiko,BOREAL,SAIKO,2025-04-28,2025-05-01,4,22,album,16,False,165210,62.5,65,2025-04-28,0,False
buenas noches || quevedo,BUENAS NOCHES,Quevedo,2025-11-24,2025-11-27,4,18,album,18,False,238883,63.5,66,2025-11-24,0,True
la raíz d€l mal || cruz cafuné,la raíz d€l mal,Cruz Cafuné,2025-07-21,2025-07-26,4,42,single,6,True,133767,59.0,61,2025-07-21,0,False
ktm || jhayco & bryant myers & luar la l,KTM,Jhayco & Bryant Myers & Luar La L,2025-03-24,2025-03-28,4,16,single,1,True,366760,51.25,70,2025-03-24,0,False
córcega || mora,CÓRCEGA,Mora,2024-08-30,2024-09-02,4,17,album,15,True,189001,54.0,74,2024-08-30,0,False
otra noche || myke towers & darell,OTRA NOCHE,Myke Towers & Darell,2025-08-20,2025-08-23,4,36,single,1,True,224120,66.5,69,2025-08-23,3,False
shibatto || quevedo,SHIBATTO,Quevedo,2025-11-24,2025-11-27,4,3,album,18,False,138226,67.75,71,2025-11-26,2,True
deportivo || blessd & anuel aa,DEPORTIVO,Blessd & Anuel AA,2025-11-16,2025-11-23,4,35,single,1,True,218701,68.5,73,2025-11-23,7,False
rko || eladio carrion,RKO,Eladio Carrion,2025-01-21,2025-01-24,4,20,album,17,True,106666,69.75,73,2025-01-21,0,False
rockin' around the christmas tree || brenda lee,Rockin' Around The Christmas Tree,Brenda Lee,2024-12-24,2024-12-27,4,7,album,12,False,126266,98.0,98,2024-12-25,1,False
diamonds || mora,DIAMONDS,Mora,2024-08-30,2024-09-02,4,18,album,15,True,193367,53.75,74,2024-08-30,0,False
dicelo || lianet rivero & lia & gatillo,Dicelo,Lianet Rivero & Lia & Gatillo,2024-10-20,2024-10-23,4,24,single,1,False,153563,58.0,66,2024-10-21,1,False
chapiadora.com || quevedo,CHAPIADORA.COM,Quevedo,2025-11-24,2025-11-27,4,8,album,18,False,197418,66.0,68,2025-11-24,0,True
iguales || quevedo,IGUALES,Quevedo,2025-11-24,2025-11-27,4,3,album,18,False,183316,68.75,71,2025-11-24,0,True
amaneció || quevedo,AMANECIÓ,Quevedo,2025-11-24,2025-11-27,4,13,album,18,False,255333,65.5,68,2025-11-24,0,True
maquillaje - remix || renn & myke towers & nio garcia,Maquillaje - Remix,Renn & Myke Towers & Nio Garcia,2025-07-10,2025-07-14,4,25,single,1,True,286283,75.75,76,2025-07-14,4,False
kassandra || quevedo,KASSANDRA,Quevedo,2025-11-24,2025-11-27,4,2,album,18,False,183172,69.5,72,2025-11-24,0,True
los días contados || quevedo,LOS DÍAS CONTADOS,Quevedo,2025-11-24,2025-11-27,4,4,album,18,False,161943,67.5,70,2025-11-24,0,True
lokita || mora,LOKITA,Mora,2024-08-30,2024-09-02,4,13,album,15,True,154154,54.5,75,2024-08-30,0,False
maquillaje - remix || refracted arg,Maquillaje - Remix,refracted arg,2025-04-21,2025-04-24,4,32,album,7,False,207342,33.25,52,2025-04-21,0,False
no digas na || feid & yandel,No Digas Na,Feid & Yandel,2025-04-17,2025-04-20,4,48,single,5,False,208386,72.5,74,2025-04-18,1,False
halo || quevedo,HALO,Quevedo,2025-11-24,2025-11-27,4,7,album,18,False,181261,66.5,69,2025-11-24,0,True
noemú || quevedo,NOEMÚ,Quevedo,2025-11-24,2025-11-27,4,15,album,18,False,206910,64.25,67,2025-11-24,0,True
gran vía || quevedo,GRAN VÍA,Quevedo,2025-11-24,2025-11-27,4,1,album,18,False,213528,69.5,72,2025-11-24,0,True
mr. moondial || quevedo,MR. MOONDIAL,Quevedo,2025-11-24,2025-11-27,4,5,album,18,False,165762,67.0,70,2025-11-25,1,True
si te pegas || rauw alejandro,SI TE PEGAS,Rauw Alejandro,2024-07-09,2024-07-12,4,30,album,14,True,183652,56.25,77,2024-07-09,0,False
la 125 || quevedo,LA 125,Quevedo,2025-11-24,2025-11-27,4,10,album,18,False,194286,65.0,67,2025-11-24,0,True
la canción feliz del disco || eladio carrion,La Canción Feliz Del Disco,Eladio Carrion,2025-01-21,2025-01-24,4,13,album,17,True,173524,71.75,75,2025-01-21,0,False
laguna || mora,LAGUNA,Mora,2024-08-30,2024-09-02,4,11,album,15,True,246593,55.75,76,2024-08-30,0,False
que asco de todo || quevedo,QUE ASCO DE TODO,Quevedo,2025-11-24,2025-11-27,4,19,album,18,False,190304,63.5,66,2025-11-24,0,True
el chacal || mora,EL CHACAL,Mora,2024-08-30,2024-09-02,4,10,album,15,True,197787,55.25,76,2024-08-30,0,False
remember me || duki,Remember Me,Duki,2024-07-19,2024-07-22,4,43,album,15,False,170624,61.0,63,2024-07-19,0,False
pide || mora,PIDE,Mora,2024-08-30,2024-09-02,4,15,album,15,True,207903,54.5,75,2024-08-30,0,False
perros&gata$ || nicki nicole & saiko,PERROS&GATA$,Nicki Nicole & SAIKO,2025-07-04,2025-07-07,4,45,single,1,False,179612,66.5,68,2025-07-04,0,False
penas de antaño || bizarrap & milo j,Penas de Antaño,Bizarrap & Milo j,2024-10-09,2024-10-12,4,44,single,5,False,201272,76.5,78,2024-10-10,1,False
por atrás || quevedo,POR ATRÁS,Quevedo,2025-11-24,2025-11-27,4,11,album,18,False,171685,65.5,68,2025-11-24,0,True
qué pecao || manuel turizo,Qué Pecao,Manuel Turizo,2025-11-24,2025-11-27,4,34,album,12,False,230080,49.0,55,2025-11-24,0,True
vagabundo || sebastian yatra,VAGABUNDO,Sebastian Yatra,2024-09-24,2024-09-26,3,14,album,12,False,215600,26.0,44,2024-09-24,0,False
brindis || duki,Brindis,Duki,2025-11-03,2025-11-07,3,30,album,15,True,180750,67.0,70,2025-11-03,0,False
cha cha cha || käärijä,Cha Cha Cha,Käärijä,2024-05-18,2024-05-20,3,37,single,1,False,175161,87.0,88,2024-05-18,0,False
historias por contar || operación triunfo 2023,Historias Por Contar,Operación Triunfo 2023,2025-02-22,2025-02-24,3,28,single,1,False,192042,57.0,57,2025-02-22,0,False
holly jolly christmas || michael bublé,Holly Jolly Christmas,Michael Bublé,2024-12-25,2024-12-27,3,24,album,16,False,119786,83.0,83,2024-12-25,0,False
miamor || aitana,miamor,Aitana,2024-09-24,2024-09-26,3,34,album,15,False,159360,45.666666666666664,55,2024-09-24,0,False
mi droga || myke towers,MI DROGA,Myke Towers,2024-05-18,2024-05-20,3,46,album,23,True,163240,80.33333333333333,81,2024-05-18,0,False
it's beginning to look a lot like christmas || michael bublé,It's Beginning to Look a Lot like Christmas,Michael Bublé,2024-12-25,2024-12-27,3,16,album,21,False,207199,87.0,87,2024-12-25,0,False
it's the most wonderful time of the year || andy williams,It's the Most Wonderful Time of the Year,Andy Williams,2024-12-25,2024-12-27,3,12,album,12,False,151000,79.0,79,2024-12-25,0,False
alakran || feid,ALAKRAN,Feid,2024-12-02,2024-12-05,3,24,album,10,False,90613,47.0,73,2024-12-02,0,False
solita y sueltaaa || rels b,Solita y SueltAAA,Rels B,2024-07-23,2024-07-25,3,49,album,9,False,155789,67.33333333333333,70,2024-07-25,2,False
sofi - remix || samueliyo baby & kevin roldan,Sofi - Remix,Samueliyo Baby & KEVIN ROLDAN,2024-12-12,2024-12-14,3,22,single,1,False,171606,68.0,69,2024-12-12,0,False
sin gato (miau!) || rels b,Sin Gato (MIAU!),Rels B,2024-05-28,2024-06-03,3,45,single,1,False,148800,68.0,74,2024-05-28,0,False
snowman || sia,Snowman,Sia,2024-12-25,2024-12-27,3,27,album,13,False,165900,94.0,94,2024-12-25,0,False
sleigh ride || the ronettes,Sleigh Ride,The Ronettes,2024-12-25,2024-12-27,3,28,album,15,False,181266,84.0,84,2024-12-25,0,False
jingle bell rock || bobby helms,Jingle Bell Rock,Bobby Helms,2024-12-25,2024-12-27,3,10,single,2,False,130973,94.0,94,2024-12-25,0,False
aqyne || aitana,AQYNE,Aitana,2024-09-27,2024-09-29,3,40,album,15,False,181426,72.33333333333333,73,2024-09-28,1,False
let it snow! let it snow! let it snow! || dean martin,Let It Snow! Let It Snow! Let It Snow!,Dean Martin,2024-12-25,2024-12-27,3,15,album,12,False,117146,95.0,95,2024-12-25,0,False
santa tell me || ariana grande,Santa Tell Me,Ariana Grande,2024-12-25,2024-12-27,3,17,single,1,False,204093,96.0,96,2024-12-25,0,False
feliz navidad || josé feliciano,Feliz Navidad,José Feliciano,2024-12-25,2024-12-27,3,5,album,15,False,182066,88.0,88,2024-12-25,0,False
paz || morad,Paz,Morad,2024-05-18,2024-05-20,3,44,album,19,False,186000,64.66666666666667,66,2024-05-18,0,False
la vida sin ti || rels b & lia kali,La Vida Sin Ti,Rels B & Lia Kali,2025-04-25,2025-04-27,3,15,single,1,False,164470,67.0,73,2025-04-25,0,False
underneath the tree || kelly clarkson,Underneath the Tree,Kelly Clarkson,2024-12-25,2024-12-27,3,22,album,14,False,229640,86.0,86,2024-12-25,0,False
la rijana || saiko,LA RIJANA,SAIKO,2025-04-28,2025-04-29,2,41,album,16,False,137172,58.5,60,2025-04-28,0,False
la roja baila - himno oficial de la selección española || sergio ramos & niña pastori & redone,La roja baila - Himno oficial de la selección española,Sergio Ramos & Niña Pastori & RedOne,2025-07-15,2025-07-16,2,9,single,1,False,235384,57.0,58,2025-07-15,0,False
"ptazeta: bzrp music sessions, vol. 45 || paul thin & ruslana","Ptazeta: Bzrp Music Sessions, Vol. 45",Paul Thin & RUSLANA,2025-01-18,2025-01-19,2,42,single,1,False,156973,57.0,59,2025-01-18,0,False
privilegios || feid,PRIVILEGIOS,Feid,2024-09-30,2024-10-01,2,46,album,15,False,185840,0.0,0,2024-09-30,0,False
problemas mentales || jzaeb & eix,Problemas Mentales,JZAEB & Eix,2025-03-20,2025-03-22,2,22,single,1,True,229151,67.5,68,2025-03-22,2,False
4 prez || cruz cafuné,4 PREZ,Cruz Cafuné,2024-05-28,2024-05-29,2,35,album,23,True,149484,54.5,56,2024-05-28,0,False
un deseo || mora,UN DESEO,Mora,2024-08-30,2024-08-31,2,20,album,15,True,218883,34.5,69,2024-08-30,0,False
de plastilina || lola indigo & pepe y vizio,DE PLASTILINA,Lola Indigo & Pepe y Vizio,2024-10-21,2024-10-22,2,40,single,1,False,209533,16.0,32,2024-10-21,0,False
demo #5: nostalgia - spanglish version || flowgpt,DEMO #5: nostalgIA - Spanglish Version,FlowGPT,2024-11-08,2024-11-09,2,12,single,1,True,220405,42.0,45,2024-11-09,1,False
ferxxo 30 || feid,FERXXO 30,Feid,2024-10-07,2024-10-13,2,32,album,16,False,173760,38.0,76,2024-10-07,0,False
feliz navidad || saiko,Feliz Navidad,Saiko,2024-12-19,2024-12-20,2,36,single,3,False,218282,56.5,58,2024-12-19,0,False
ritmo de medallo || feid,RITMO DE MEDALLO,Feid,2024-09-30,2024-10-01,2,37,album,15,False,118693,0.0,0,2024-09-30,0,False
rompeolas || martin urrutia,rompeolas,Martin Urrutia,2025-04-12,2025-04-18,2,39,single,1,False,162519,68.5,69,2025-04-18,6,False
finales de agosto || saiko,FINALES DE AGOSTO,SAIKO,2025-04-28,2025-04-29,2,40,album,16,False,177034,58.5,60,2025-04-28,0,False
ferxxo edition || feid,FERXXO EDITION,Feid,2024-09-30,2024-10-01,2,43,album,15,False,161746,0.0,0,2024-09-30,0,False
espectacular || sky rompiendo & rauw alejandro,Espectacular,Sky Rompiendo & Rauw Alejandro,2025-04-25,2025-04-27,2,49,single,1,False,185739,74.5,76,2025-04-25,0,False
fecha - intro extended || renzo pianciola,Fecha - Intro Extended,Renzo Pianciola,2025-04-19,2025-04-20,2,46,single,1,False,189802,7.5,15,2025-04-20,1,False
cosas pendientes || maluma,Cosas Pendientes,Maluma,2025-11-24,2025-11-27,2,37,single,1,False,184462,68.5,73,2025-11-27,3,True
cosmeticos || myke towers,COSMETICOS,Myke Towers,2024-11-25,2024-11-29,2,33,album,23,True,141862,35.0,70,2024-11-25,0,False
cosa nuestra || rauw alejandro,Cosa Nuestra,Rauw Alejandro,2025-11-17,2025-11-18,2,16,album,18,True,260454,68.5,70,2025-11-17,0,False
constelación || duki & lia kali,Constelación,Duki & Lia Kali,2025-11-01,2025-11-02,2,29,single,1,False,200631,60.0,62,2025-11-01,0,False
shars 2023 || al safir,Shars 2023,Al Safir,2024-11-30,2024-12-01,2,21,single,1,False,163342,41.5,55,2024-11-30,0,False
se te nota (feat. peso pluma) || myke towers,SE TE NOTA (feat. Peso Pluma),Myke Towers,2025-08-24,2025-08-25,2,27,album,20,True,190106,31.5,63,2025-08-24,0,False
spanish teteo || rvfv & rels b & omar montes,SPANISH TETEO,Rvfv & Rels B & Omar Montes,2024-09-10,2024-09-11,2,50,single,1,True,181176,61.0,63,2024-09-10,0,False
caída del cielo <3 || rels b,caída del cielo <3,Rels B,2025-04-28,2025-05-01,2,38,album,13,True,133220,68.5,71,2025-04-28,0,False
ayer y hoy || mora,AYER Y HOY,Mora,2024-08-30,2024-08-31,2,23,album,15,True,317016,34.5,69,2024-08-30,0,False
comuna 3 || jc reyes & the rude boyz,COMUNA 3,JC Reyes & The Rude Boyz,2025-05-16,2025-05-17,2,38,single,1,False,154128,61.0,61,2025-05-17,1,False
competencia || myke towers,COMPETENCIA,Myke Towers,2025-08-24,2025-08-25,2,19,album,20,True,190826,30.5,61,2025-08-24,0,False
"milo j: bzrp music sessions, vol. 57 || paul thin","Milo J: Bzrp Music Sessions, Vol. 57",Paul Thin,2025-02-01,2025-02-02,2,39,single,1,False,153024,56.0,56,2025-02-01,0,False
conexión || cano & jc reyes,Conexión,Cano & JC Reyes,2025-10-25,2025-10-26,2,40,single,1,False,188160,63.0,63,2025-10-26,1,False
gangsters y pistolas || feid,GANGSTERS Y PISTOLAS,Feid,2024-09-30,2024-10-01,2,25,album,15,False,170693,0.0,0,2024-09-30,0,False
gata only (mashup) || dj agus lima,Gata Only (Mashup),Dj Agus Lima,2025-05-09,2025-05-10,2,5,album,9,False,215400,24.0,48,2025-05-09,0,False
mis tías || juanjo bona,Mis Tías,Juanjo Bona,2025-07-21,2025-07-23,2,44,single,1,False,158400,60.0,62,2025-07-21,0,False
birds of a feather || billie eilish,BIRDS OF A FEATHER,Billie Eilish,2025-06-12,2025-06-13,2,49,album,10,False,210373,92.0,92,2025-06-12,0,False
marea || mora,MAREA,Mora,2024-08-30,2024-08-31,2,24,album,15,True,148082,34.5,69,2024-08-30,0,False
ayer || dellafuente,Ayer,DELLAFUENTE,2025-06-16,2025-06-18,2,37,album,10,False,155700,40.0,50,2025-06-16,0,False
escriurem || chiara oliver & martin urrutia,Escriurem,Chiara Oliver & Martin Urrutia,2025-01-25,2025-01-25,1,47,single,1,False,189146,56.0,56,2025-01-25,0,False
dinero y fama (feat. omar montes) || myke towers,DINERO y FAMA (feat. Omar Montes),Myke Towers,2025-08-24,2025-08-24,1,40,album,20,True,215946,0.0,0,2025-08-24,0,False
rapeadita love || rels b,Rapeadita LOVE,Rels B,2025-04-28,2025-04-28,1,44,album,13,True,140439,65.0,65,2025-04-28,0,False
quién es dei v? || dei v,Quién es Dei V?,Dei V,2025-06-16,2025-06-16,1,50,album,16,True,162244,13.0,13,2025-06-16,0,False
quevedo #49 after hour the mixtape || dj saot st,QUEVEDO #49 AFTER HOUR THE MIXTAPE,DJ Saot ST,2024-06-04,2024-06-04,1,48,album,49,False,120000,20.0,20,2024-06-04,0,False
emrata || myke towers,EMRATA,Myke Towers,2024-11-25,2024-11-25,1,46,album,23,True,225507,0.0,0,2024-11-25,0,False
probemas mentales || jzaeb & eix,Probemas Mentales,JZAEB & Eix,2025-03-07,2025-03-07,1,48,single,1,True,229151,55.0,55,2025-03-07,0,False
el destello || juanjo bona & martin urrutia,El Destello,Juanjo Bona & Martin Urrutia,2025-10-06,2025-10-06,1,36,single,1,False,160684,57.0,57,2025-10-06,0,False
timeless (with playboi carti) || the weeknd & playboi carti,Timeless (with Playboi Carti),The Weeknd & Playboi Carti,2025-09-29,2025-09-29,1,50,single,1,True,256000,79.0,79,2025-09-29,0,False
tu ritmo || eladio carrion,Tu Ritmo,Eladio Carrion,2025-01-21,2025-01-21,1,21,album,17,True,158446,68.0,68,2025-01-21,0,False
tranquila baby || eladio carrion,Tranquila Baby,Eladio Carrion,2025-01-21,2025-01-21,1,32,album,17,True,128000,67.0,67,2025-01-21,0,False
barro || duki,Barro,Duki,2025-10-20,2025-10-20,1,40,single,1,False,201052,60.0,60,2025-10-20,0,False
bandit || don toliver,BANDIT,Don Toliver,2025-06-21,2025-06-21,1,27,album,16,True,147706,69.0,69,2025-06-21,0,False
latte (feat. maria becerra) || the academy: segunda misión & sech & dalex,LATTE (feat. Maria Becerra),The Academy: Segunda Misión & Sech & Dalex,2025-03-31,2025-03-31,1,43,album,9,True,260534,53.0,53,2025-03-31,0,False
la vuelta || feid,LA VUELTA,Feid,2024-12-02,2024-12-02,1,48,album,10,False,121920,0.0,0,2024-12-02,0,False
ya es navidad popurrí: ya es navidad- zúmbale a la pandereta - ya vienen los reyes magos - arre borriquito - ya es navidad || raya real,Ya es Navidad Popurrí: Ya es Navidad- Zúmbale a la pandereta - Ya vienen los Reyes Magos - Arre Borriquito - Ya es Navidad,Raya Real,2024-12-25,2024-12-25,1,34,album,9,False,262144,50.0,50,2024-12-25,0,False
todo lit || eladio carrion,Todo Lit,Eladio Carrion,2025-01-21,2025-01-21,1,23,album,17,True,241951,67.0,67,2025-01-21,0,False
la torre picasso || arde bogotá,La Torre Picasso,Arde Bogotá,2025-09-15,2025-09-15,1,46,single,1,False,484573,50.0,50,2025-09-15,0,False
yankee 150 || yandel & feid & daddy yankee,Yankee 150,Yandel & Feid & Daddy Yankee,2024-06-18,2024-06-18,1,46,single,1,True,242667,68.0,68,2024-06-18,0,False
detrás del dj || rels b,Detrás del DJ,Rels B,2025-04-28,2025-04-28,1,39,album,13,True,119354,66.0,66,2025-04-28,0,False
desquite || feid,DESQUITE,Feid,2024-12-02,2024-12-02,1,39,album,10,False,133546,0.0,0,2024-12-02,0,False
"flowhot (feat. arcángel, de la ghetto, randy) || the academy: segunda misión & sech & dalex","FLOWHOT (feat. Arcángel, De La Ghetto, Randy)",The Academy: Segunda Misión & Sech & Dalex,2025-03-31,2025-03-31,1,32,album,9,True,233099,53.0,53,2025-03-31,0,False
figo || dellafuente & morad,Figo,DELLAFUENTE & Morad,2024-12-02,2024-12-02,1,44,single,6,False,184565,0.0,0,2024-12-02,0,False
oye bb || omar montes & nicky jam,Oye BB,Omar Montes & Nicky Jam,2024-11-11,2024-11-11,1,43,single,1,False,147662,25.0,25,2024-11-11,0,False
pa' la vuelta || eladio carrion & morad,PA' LA VUELTA,Eladio Carrion & Morad,2024-08-06,2024-08-06,1,49,single,1,True,224041,62.0,62,2024-08-06,0,False
pasaporte || rauw alejandro,Pasaporte,Rauw Alejandro,2025-11-17,2025-11-17,1,43,album,18,False,263451,64.0,64,2025-11-17,0,False
pasaporte || rauw alejandro & mr. naisgai,Pasaporte,Rauw Alejandro & Mr. Naisgai,2025-09-29,2025-09-29,1,49,single,1,False,266787,63.0,63,2025-09-29,0,False
otro round || myke towers,OTRO ROUND,Myke Towers,2024-11-25,2024-11-25,1,50,album,23,True,134131,0.0,0,2024-11-25,0,False
otra oportunidad || myke towers,OTRA OPORTUNIDAD,Myke Towers,2025-08-24,2025-08-24,1,25,album,20,True,169026,0.0,0,2025-08-24,0,False
do it 4 th€ gram || cruz cafuné,do it 4 th€ gram,Cruz Cafuné,2025-07-21,2025-07-21,1,34,single,6,True,150582,54.0,54,2025-07-21,0,False
dios #1 || cruz cafuné,Dios #1,Cruz Cafuné,2024-05-28,2024-05-28,1,43,album,23,True,200125,56.0,56,2024-05-28,0,False
duro de verdad pt.2 || los sufridos,Duro De Verdad pt.2,Los Sufridos,2025-09-20,2025-09-20,1,39,single,1,False,204303,55.0,55,2025-09-20,0,False
ritual || myke towers,RITUAL,Myke Towers,2024-11-25,2024-11-25,1,48,album,23,True,154432,0.0,0,2024-11-25,0,False
rockstar 2.0 || duki & jhayco,RoCKSTAR 2.0,Duki & Jhayco,2024-06-24,2024-06-24,1,14,single,1,True,173729,71.0,71,2024-06-24,0,False
cómo te atreves || morat,Cómo Te Atreves,Morat,2025-03-02,2025-03-02,1,45,album,12,False,240560,78.0,78,2025-03-02,0,False
fosforito || dellafuente,Fosforito,DELLAFUENTE,2025-06-16,2025-06-16,1,46,album,10,False,178782,29.0,29,2025-06-16,0,False
rang€ rov€r || cruz cafuné,rang€ rov€r,Cruz Cafuné,2025-07-21,2025-07-21,1,47,single,6,True,117213,53.0,53,2025-07-21,0,False
frío || myke towers,FRÍO,Myke Towers,2025-08-24,2025-08-24,1,36,album,20,True,160373,0.0,0,2025-08-24,0,False
heavyweight || eladio carrion,Heavyweight,Eladio Carrion,2025-05-04,2025-05-04,1,49,single,5,True,164776,62.0,62,2025-05-04,0,False
hablame claro || yandel,HABLAME CLARO,Yandel,2025-10-13,2025-10-13,1,47,album,19,True,154969,45.0,45,2025-10-13,0,False
m€ntiras || cruz cafuné,m€ntiras,Cruz Cafuné,2025-07-21,2025-07-21,1,43,single,6,True,151841,54.0,54,2025-07-21,0,False
hardaway || duki,Hardaway,Duki,2025-11-03,2025-11-03,1,35,album,15,True,216432,62.0,62,2025-11-03,0,False
hala madrid ...y nada más || real madrid,Hala Madrid ...y nada más,Real Madrid,2025-06-03,2025-06-03,1,43,single,1,False,177000,60.0,60,2025-06-03,0,False
committed || rauw alejandro,Committed,Rauw Alejandro,2025-11-17,2025-11-17,1,29,album,18,True,159344,66.0,66,2025-11-17,0,False
sigo enamorau' || eladio carrion,Sigo Enamorau',Eladio Carrion,2025-01-21,2025-01-21,1,17,album,17,True,194941,68.0,68,2025-01-21,0,False
obvio || myke towers,OBVIO,Myke Towers,2024-11-25,2024-11-25,1,25,album,23,True,162447,0.0,0,2024-11-25,0,False
"fé, cojones y paciencia || eladio carrion","Fé, Cojones y Paciencia",Eladio Carrion,2025-01-21,2025-01-21,1,38,album,17,True,190243,66.0,66,2025-01-21,0,False
headshot || anuel aa,Headshot,Anuel AA,2025-09-22,2025-09-22,1,29,single,1,True,409259,61.0,61,2025-09-22,0,False
sexo desenfrenado || myke towers,SEXO DESENFRENADO,Myke Towers,2025-08-24,2025-08-24,1,45,album,20,True,243360,0.0,0,2025-08-24,0,False
cruel summer || taylor swift,Cruel Summer,Taylor Swift,2025-06-01,2025-06-01,1,39,album,18,False,178426,94.0,94,2025-06-01,0,False
"si si si si (feat. eladio carrion, bryant myers, dei v) || the academy: segunda misión","SI SI SI SI (feat. Eladio Carrion, Bryant Myers, Dei V)",The Academy: Segunda Misión,2025-03-31,2025-03-31,1,16,album,9,True,241958,42.0,42,2025-03-31,0,False
il capo || rauw alejandro,IL Capo,Rauw Alejandro,2025-11-17,2025-11-17,1,38,album,18,True,249599,65.0,65,2025-11-17,0,False
i can do it with a broken heart || taylor swift,I Can Do It With a Broken Heart,Taylor Swift,2025-04-23,2025-04-23,1,50,album,16,True,218004,82.0,82,2025-04-23,0,False
mil mujeres || rauw alejandro,Mil Mujeres,Rauw Alejandro,2025-11-17,2025-11-17,1,36,album,18,True,168922,65.0,65,2025-11-17,0,False
mi cuarto || tiago pzk & rels b,Mi Cuarto,Tiago PZK & Rels B,2025-10-27,2025-10-27,1,46,single,1,False,131688,58.0,58,2025-10-27,0,False
mencionar || eladio carrion,Mencionar,Eladio Carrion,2025-01-21,2025-01-21,1,42,album,17,False,141818,66.0,66,2025-01-21,0,False
heavy is the crown || linkin park,Heavy Is the Crown,Linkin Park,2025-09-27,2025-09-27,1,49,single,2,False,167012,78.0,78,2025-09-27,0,False
call me maybe || duki,CALL ME MAYBE,Duki,2024-12-10,2024-12-10,1,50,single,1,False,222401,65.0,65,2024-12-10,0,False
cangrinaje || cruz cafuné,Cangrinaje,Cruz Cafuné,2024-05-28,2024-05-28,1,48,album,23,True,211765,56.0,56,2024-05-28,0,False
caserio || yandel & saiko,Caserio,Yandel & SAIKO,2025-03-10,2025-03-10,1,41,single,1,True,189524,59.0,59,2025-03-10,0,False
cartera & tacos || myke towers,CARTERA & TACOS,Myke Towers,2024-11-25,2024-11-25,1,47,album,23,True,129932,0.0,0,2024-11-25,0,False
mama's boy || eladio carrion,Mama's Boy,Eladio Carrion,2025-01-21,2025-01-21,1,34,album,17,False,222272,66.0,66,2025-01-21,0,False
cine 🚬 || duki,Cine 🚬,Duki,2025-11-03,2025-11-03,1,42,album,15,True,142957,61.0,61,2025-11-03,0,False
mamasota || manuel turizo & yandel,Mamasota,Manuel Turizo & Yandel,2025-03-15,2025-03-15,1,50,single,1,False,216424,78.0,78,2025-03-15,0,False
mejor así || myke towers,MEJOR ASÍ,Myke Towers,2025-08-24,2025-08-24,1,37,album,20,True,219480,0.0,0,2025-08-24,0,False
sonrisa || eladio carrion,Sonrisa,Eladio Carrion,2025-01-21,2025-01-21,1,16,album,17,True,152380,68.0,68,2025-01-21,0,False
amar de nuevo || rauw alejandro,Amar De Nuevo,Rauw Alejandro,2025-11-17,2025-11-17,1,45,album,18,True,268042,64.0,64,2025-11-17,0,False
aunque llegue otro (feat. jay wheeler) || myke towers,AUNQUE LLEGUE OTRO (feat. Jay Wheeler),Myke Towers,2025-08-24,2025-08-24,1,23,album,20,True,197800,0.0,0,2025-08-24,0,False
attitude (feat. charlie wilson & cash cobain) || don toliver,ATTITUDE (FEAT. CHARLIE WILSON & CASH COBAIN),Don Toliver,2025-06-21,2025-06-21,1,46,album,16,True,161053,69.0,69,2025-06-21,0,False
like i can (feat. aitana) || sam smith & aitana,Like I Can (feat. Aitana),Sam Smith & Aitana,2025-08-10,2025-08-10,1,42,single,1,False,166707,38.0,38,2025-08-10,0,False
let it snow! let it snow! let it snow! (with the b. swanson quartet) || frank sinatra,Let It Snow! Let It Snow! Let It Snow! (with The B. Swanson Quartet),Frank Sinatra,2024-12-25,2024-12-25,1,33,album,14,False,155453,91.0,91,2024-12-25,0,False
luchas mentales || eladio carrion,Luchas Mentales,Eladio Carrion,2025-01-21,2025-01-21,1,43,album,17,False,166835,66.0,66,2025-01-21,0,False
ma meilleure ennemie (from the series arcane league of legends) || stromae & pomme & arcane,Ma Meilleure Ennemie (from the series Arcane League of Legends),Stromae & Pomme & Arcane,2025-11-27,2025-11-27,1,38,single,1,False,147973,77.0,77,2025-11-27,0,True
la gata bajo la lluvia || naiara,La Gata Bajo La Lluvia,Naiara,2025-01-25,2025-01-25,1,46,single,1,False,164678,55.0,55,2025-01-25,0,False
lo que no ves de mí || juanjo bona,Lo que no ves de mí,Juanjo Bona,2025-04-18,2025-04-18,1,38,single,1,False,144000,69.0,69,2025-04-18,0,False
la noia || angelina mango,la noia,Angelina Mango,2025-05-14,2025-05-14,1,47,single,1,False,189124,80.0,80,2025-05-14,0,False
tanta droga || eladio carrion,Tanta Droga,Eladio Carrion,2025-01-21,2025-01-21,1,27,album,17,True,248878,68.0,68,2025-01-21,0,False
beso prohibido || beny jr,Beso Prohibido,Beny Jr,2025-09-07,2025-09-07,1,49,album,14,False,152866,64.0,64,2025-09-07,0,False
caché || myke towers,CACHÉ,Myke Towers,2025-08-24,2025-08-24,1,47,album,20,True,196906,0.0,0,2025-08-24,0,False
volver || tainy,VOLVER,Tainy,2024-07-02,2024-07-02,1,49,album,19,True,185806,69.0,69,2024-07-02,0,False
vampire || olivia rodrigo,vampire,Olivia Rodrigo,2024-07-02,2024-07-02,1,48,single,1,True,219724,85.0,85,2024-07-02,0,False
50 palos || feid,50 PALOS,Feid,2024-12-02,2024-12-02,1,38,album,10,True,167240,0.0,0,2024-12-02,0,False
"1 de enero, puntacana || rels b","1 de Enero, Puntacana",Rels B,2025-04-28,2025-04-28,1,45,album,13,False,95000,65.0,65,2025-04-28,0,False
